sg1_rms,sg1_std,sg1_peak,sg1_kurtosis,sg1_freq_shift,sg2_rms,sg2_std,sg2_peak,sg2_kurtosis,sg2_freq_shift,sg3_rms,sg3_std,sg3_peak,sg3_kurtosis,sg3_freq_shift,sg4_rms,sg4_std,sg4_peak,sg4_kurtosis,sg4_freq_shift,sg5_rms,sg5_std,sg5_peak,sg5_kurtosis,sg5_freq_shift,sg6_rms,sg6_std,sg6_peak,sg6_kurtosis,sg6_freq_shift,lc1_mean,lc1_std,lc2_mean,lc2_std,load_imbalance,load_total,imu1_rms,imu1_peak,imu1_std,imu2_rms,imu2_peak,imu2_std,temp_mean,temp_delta,strain_mean,strain_max,strain_std,persistence_score,severity_score,condition
42.6685,2.9151,48.0608,-0.1316,-83.0,41.1929,3.2437,50.9908,0.814,-83.0,38.2102,2.655,43.6024,-0.368,-83.0,39.218,2.0266,42.805,-0.6281,-83.0,44.6659,2.8033,50.7487,-0.4638,-83.0,44.034,3.2402,52.4948,-0.1396,-83.0,24.9667,0.4672,24.8616,0.4671,0.105,49.8283,0.3973,0.5005,0.04,0.4041,0.5168,0.0555,30.0587,4.6193,41.5683,44.5779,2.3628,0.9897,1.0614,NORMAL
41.764,2.619,47.7095,-0.2476,-83.0,40.6048,3.2376,46.534,-0.4373,-83.0,37.99,2.2961,42.0672,-0.1684,-83.0,39.3314,2.3064,44.9364,-0.7277,-83.0,43.9825,3.3501,51.2817,-0.5533,-83.0,43.4431,3.0001,49.838,-0.3337,-83.0,24.9707,0.5081,24.8685,0.4548,0.1023,49.8392,0.396,0.517,0.0466,0.4054,0.5876,0.0537,29.9231,5.1539,41.0893,43.8547,2.1139,0.9783,1.0442,NORMAL
41.7315,2.7461,47.2769,-0.3291,-83.0,40.2877,3.0233,46.2123,-0.1879,-83.0,38.3374,2.6114,45.1975,0.2599,-83.0,39.2336,2.3302,44.9364,-0.4235,-83.0,43.5192,2.7188,51.2817,0.3828,-83.0,42.8266,3.1843,49.4411,-0.2012,-83.0,25.0301,0.5749,25.0139,0.4972,0.0162,50.044,0.39,0.517,0.0542,0.4103,0.5876,0.0521,29.7139,5.0133,40.895,43.4342,1.8624,0.9737,1.0341,NORMAL
41.9737,2.7457,47.2769,-0.8949,-83.0,40.6012,2.9948,46.3056,-0.4355,-83.0,38.3637,2.4684,45.1975,0.6812,-83.0,38.9195,2.1235,43.9424,-0.3872,-83.0,44.3013,2.7072,52.1832,0.4665,-83.0,42.7699,3.1499,48.3665,-0.5196,-83.0,24.9525,0.4577,25.0395,0.5413,0.0871,49.992,0.3994,0.5103,0.0525,0.4038,0.5026,0.0493,29.8152,4.3875,41.0654,44.2185,2.0839,0.9777,1.0528,NORMAL
42.2544,2.8942,48.7418,-0.9267,-83.0,40.6479,2.5969,46.3056,-0.9731,-83.0,38.7746,2.4773,46.036,2.1574,-83.0,39.0953,2.304,43.4267,-0.9021,-83.0,43.6656,3.0039,52.1832,0.1266,-83.0,42.6602,3.2605,48.8757,-0.91,-83.0,24.9924,0.415,24.9104,0.5231,0.082,49.9028,0.4053,0.5001,0.0495,0.4037,0.5206,0.0526,29.8968,4.964,41.09,43.5621,1.8074,0.9783,1.0372,NORMAL
43.06,3.2553,50.8613,-0.1415,-83.0,40.2817,2.5721,47.69,0.5311,-83.0,38.8632,2.7908,46.036,1.0148,-83.0,39.3043,2.529,43.0727,-1.0171,-83.0,43.2108,2.96,52.8071,0.8648,-83.0,43.016,3.0248,48.8757,-0.75,-83.0,25.006,0.5193,24.868,0.4995,0.138,49.874,0.4005,0.5001,0.0508,0.4068,0.5206,0.0501,30.0365,4.7592,41.1901,43.1093,1.8454,0.9807,1.0264,NORMAL
43.0538,3.4725,50.8613,-0.1839,-83.0,40.6251,2.9511,47.69,0.4605,-83.0,38.0683,3.1381,45.4957,-0.3029,-83.0,39.1539,2.566,44.4389,-0.906,-83.0,44.2989,3.251,52.8071,-0.2215,-83.0,42.9174,2.8984,49.749,-0.6336,-83.0,24.9143,0.5208,24.8941,0.5189,0.0201,49.8084,0.4024,0.5173,0.0564,0.4075,0.5476,0.0493,30.2986,4.1625,41.2398,44.1795,2.2385,0.9819,1.0519,NORMAL
42.6877,3.0102,48.9935,-0.1255,-83.0,40.5029,2.7876,47.1059,0.1339,-83.0,37.7479,3.0153,44.8029,-0.3784,-83.0,39.3022,2.628,46.7458,0.3175,-83.0,44.4666,2.9263,51.0248,-0.7007,-83.0,43.3274,3.1814,49.749,-0.7635,-83.0,24.9282,0.4648,24.9447,0.5104,0.0165,49.8729,0.4113,0.5823,0.0623,0.3958,0.5476,0.0496,30.2592,3.2882,41.2351,44.3702,2.3569,0.9818,1.0564,NORMAL
42.5801,2.4358,48.0359,-0.3621,-83.0,39.9513,2.5914,47.2138,0.2064,-83.0,37.6351,2.0943,42.319,-0.6274,-83.0,39.0633,2.4218,46.7458,1.0768,-83.0,44.5296,3.0135,50.3581,-0.7622,-83.0,43.8088,2.9714,49.5723,-0.8425,-83.0,25.028,0.5106,24.9936,0.4511,0.0344,50.0216,0.4133,0.5823,0.0576,0.3947,0.4766,0.0431,30.0296,4.5249,41.1797,44.4275,2.5238,0.9805,1.0578,NORMAL
42.4674,2.969,50.2595,0.5716,-83.0,41.2956,3.2077,47.2592,-0.3122,-83.0,37.6246,2.3368,41.7438,-0.7742,-83.0,39.024,2.671,46.8729,0.6726,-83.0,44.793,2.7313,50.3581,-0.3503,-83.0,43.0814,3.0799,48.7059,-0.1105,-83.0,25.0973,0.5175,24.9897,0.5292,0.1077,50.087,0.415,0.5458,0.0489,0.4077,0.5118,0.0432,29.9012,4.5249,41.2833,44.7097,2.4227,0.9829,1.0645,NORMAL
42.6637,3.18,50.2595,0.4063,-83.0,41.8658,3.1751,47.2592,-0.0123,-83.0,37.4539,2.4767,41.7438,-0.9255,-83.0,39.212,3.1152,46.8729,-0.1707,-83.0,44.1068,2.5786,48.6403,-0.1535,-83.0,42.7062,3.412,49.342,0.0379,-83.0,25.0341,0.4456,25.0179,0.5352,0.0162,50.052,0.4138,0.4962,0.0473,0.4036,0.5118,0.0471,30.1375,4.6356,41.2252,44.0314,2.2771,0.9816,1.0484,NORMAL
42.1311,2.9222,50.2427,0.466,-83.0,40.5902,2.8545,46.446,-0.3998,-83.0,37.6524,2.0282,41.5929,-0.5872,-83.0,38.8353,2.349,45.1382,0.7243,-83.0,43.9097,3.06,51.5142,-0.2517,-83.0,42.6849,3.3378,49.342,-0.0778,-83.0,25.0189,0.4419,25.0947,0.4158,0.0758,50.1136,0.399,0.4962,0.0472,0.4113,0.4939,0.0472,30.1302,4.6356,40.873,43.8029,2.1629,0.9732,1.0429,NORMAL
41.4819,3.2178,46.9163,-0.7918,-83.0,40.2917,3.0357,47.611,1.0691,-83.0,37.9985,2.3348,44.4633,0.2254,-83.0,38.9577,2.2873,46.3237,1.0004,-83.0,44.1641,3.0876,51.5142,-0.3257,-83.0,42.9103,2.951,47.8207,-0.2222,-83.0,25.0183,0.4296,25.021,0.4382,0.0027,50.0394,0.4019,0.5086,0.0512,0.406,0.5103,0.0533,29.9257,3.9866,40.8693,44.0561,2.1295,0.9731,1.049,NORMAL
42.2365,3.4926,50.5011,-0.6908,-83.0,40.5873,3.2332,47.611,0.4541,-83.0,38.1267,2.4911,44.4633,-0.3529,-83.0,39.2159,2.5069,46.3237,0.2011,-83.0,44.1866,2.9825,49.8938,-0.57,-83.0,42.8721,2.8654,48.2377,-0.6091,-83.0,24.9626,0.3883,24.9715,0.4237,0.0088,49.9341,0.4067,0.5086,0.0491,0.3944,0.5103,0.0539,30.034,4.0193,41.0989,44.0858,2.0941,0.9785,1.0497,NORMAL
42.8531,3.1622,50.5011,-0.2872,-83.0,40.6357,2.7651,47.0232,-0.8626,-83.0,38.4141,2.2283,43.8271,-0.5097,-83.0,39.1574,2.1043,44.7016,-0.0214,-83.0,43.8703,3.0346,49.8938,-0.7236,-83.0,43.2774,3.2556,48.8351,-0.4247,-83.0,24.9804,0.4458,25.0356,0.3909,0.0552,50.016,0.4061,0.4849,0.0428,0.3989,0.4893,0.0492,29.9573,4.7425,41.2747,43.7652,2.0694,0.9827,1.042,NORMAL
42.4135,3.0315,48.4166,-0.3317,-83.0,41.1238,2.9742,49.4945,-0.1313,-83.0,38.2384,2.4563,44.3825,0.0695,-83.0,39.0946,2.0979,43.1354,-0.6186,-83.0,44.0065,2.7959,49.2535,-0.4091,-83.0,42.9065,3.3919,48.8351,0.4418,-83.0,24.9525,0.5691,25.052,0.4353,0.0995,50.0045,0.405,0.5506,0.0538,0.4033,0.4843,0.0454,29.8443,4.4191,41.2014,43.9176,2.0425,0.981,1.0457,NORMAL
41.855,3.0755,48.2474,-0.3752,-83.0,41.56,3.1073,49.4945,-0.4517,-83.0,37.7262,2.3819,44.3825,0.1228,-83.0,39.4666,2.2544,45.9761,0.7078,-83.0,44.1858,3.2587,53.5823,0.4273,-83.0,42.8151,3.0121,49.509,1.0204,-83.0,25.0166,0.6277,25.0398,0.4953,0.0232,50.0565,0.4004,0.5506,0.055,0.4079,0.5363,0.048,29.8443,3.3336,41.1689,44.0655,2.1081,0.9802,1.0492,NORMAL
42.0106,3.1974,50.4384,-0.0923,-83.0,41.3163,2.911,47.7031,-0.9096,-83.0,37.2412,2.4131,42.1985,-0.6563,-83.0,39.4542,2.2896,45.9761,0.7999,-83.0,44.0826,3.3621,53.5823,-0.0286,-83.0,43.0095,2.7598,49.509,-0.2315,-83.0,24.9981,0.5504,24.9725,0.4797,0.0256,49.9705,0.3962,0.498,0.0476,0.4054,0.5363,0.0545,29.688,4.7942,41.088,43.9542,2.2557,0.9783,1.0465,NORMAL
42.0223,3.022,50.4384,-0.0024,-83.0,41.7305,2.8328,47.7031,-0.9183,-83.0,37.5382,2.2279,41.6714,-0.2917,-83.0,38.8109,2.2364,44.1005,-0.0318,-83.0,43.8249,2.9888,47.4859,0.0719,-83.0,43.0463,2.3906,48.1621,-0.2235,-83.0,24.9937,0.4725,24.9847,0.4524,0.009,49.9784,0.4031,0.5427,0.0493,0.4062,0.534,0.0557,29.6315,4.9603,41.0781,43.7229,2.2383,0.978,1.041,NORMAL
42.0665,2.9715,49.4472,0.1433,-83.0,41.3548,3.0964,46.556,-0.3579,-83.0,37.7885,2.0758,41.9585,-0.8897,-83.0,38.9084,2.3023,42.7225,-0.7796,-83.0,43.4841,3.1415,49.2065,-0.0987,-83.0,43.7031,2.4855,48.1621,-0.2013,-83.0,24.9914,0.4667,25.0329,0.4791,0.0415,50.0243,0.4098,0.5427,0.0501,0.4096,0.4989,0.0518,29.9698,4.7136,41.1291,43.6324,2.1901,0.9793,1.0389,NORMAL
42.3181,3.3113,49.6388,0.0508,-83.0,40.7981,2.9617,48.9128,0.423,-83.0,38.0418,2.1908,42.7131,-0.8425,-83.0,39.3841,2.3828,43.9369,-0.2897,-83.0,43.7822,2.8657,49.9326,-0.0958,-83.0,42.8194,2.978,48.0229,-0.7692,-83.0,24.9303,0.499,25.017,0.5578,0.0868,49.9473,0.4,0.4955,0.0457,0.4059,0.5108,0.0493,30.1303,4.5449,41.0956,43.6884,1.9834,0.9785,1.0402,NORMAL
42.0403,3.186,49.6388,-0.4078,-83.0,41.6986,3.0189,50.8888,0.6395,-83.0,38.4512,2.066,42.7131,-0.8898,-83.0,39.639,2.4099,43.9369,0.1856,-83.0,43.5818,2.5888,49.9326,-0.0905,-83.0,42.1502,3.1164,48.8258,-0.5997,-83.0,25.0026,0.4991,25.0019,0.556,0.0006,50.0045,0.4041,0.4665,0.0419,0.4079,0.5108,0.0517,30.0207,4.8941,41.1682,43.5048,1.6935,0.9802,1.0358,NORMAL
41.9334,2.6268,47.0439,-0.4774,-83.0,40.9687,3.3516,50.8888,0.1379,-83.0,38.3588,2.583,42.651,-0.8319,-83.0,39.3927,2.6407,44.5027,0.1334,-83.0,43.7687,2.7508,49.2463,-0.6463,-83.0,42.738,3.1152,49.1121,-0.3728,-83.0,25.0922,0.5212,25.0082,0.5627,0.084,50.1004,0.4127,0.5418,0.0487,0.4047,0.5097,0.0527,29.9544,4.9085,41.0941,43.6821,1.8642,0.9784,1.04,NORMAL
42.2638,2.8293,49.9248,0.0584,-83.0,40.2048,3.1671,48.9308,-0.183,-83.0,38.0737,2.5806,42.651,-0.5038,-83.0,38.8924,2.539,44.5027,0.4083,-83.0,44.096,2.9675,50.6728,-0.0486,-83.0,42.8681,3.0087,49.1121,-0.0913,-83.0,25.0542,0.6112,24.9882,0.5306,0.066,50.0424,0.4115,0.5418,0.0559,0.3971,0.5165,0.0524,29.8427,4.1132,40.9671,43.996,2.1668,0.9754,1.0475,NORMAL
42.1046,3.0476,49.9248,0.0819,-83.0,41.1868,3.095,48.9308,0.0212,-83.0,37.6961,2.1888,41.9925,-0.4318,-83.0,38.827,2.0092,43.9063,-0.192,-83.0,43.8046,3.1906,50.6728,-0.0939,-83.0,42.4301,2.9682,49.6556,0.0712,-83.0,24.9837,0.5649,24.9332,0.5143,0.0505,49.917,0.4082,0.4901,0.0519,0.4058,0.5165,0.0477,29.7358,4.0147,40.9144,43.6882,2.0907,0.9742,1.0402,NORMAL
41.7042,3.0499,49.8055,-0.2573,-83.0,41.6539,2.7454,46.8103,-0.6569,-83.0,37.9946,2.4897,42.9794,-0.6317,-83.0,38.9477,1.832,43.3934,-0.4856,-83.0,43.6686,3.2756,49.7866,-0.7374,-83.0,42.2972,2.6044,49.6556,-0.0449,-83.0,25.036,0.4881,24.9952,0.5327,0.0408,50.0312,0.4014,0.4901,0.0495,0.4128,0.5041,0.0418,29.8439,4.0147,40.956,43.5455,1.9381,0.9751,1.0368,NORMAL
42.0143,3.1578,48.4518,-0.4993,-83.0,41.0694,2.843,46.2429,-0.7484,-83.0,38.2416,2.7078,44.4067,-0.5465,-83.0,39.076,2.4247,44.8172,-0.3765,-83.0,43.7404,3.4924,52.3275,-0.6486,-83.0,42.5084,2.6409,47.6365,-0.5631,-83.0,25.1035,0.4736,25.0079,0.4682,0.0955,50.1114,0.4026,0.4962,0.0468,0.4115,0.5041,0.0497,30.0805,3.3123,41.0066,43.6007,1.9037,0.9763,1.0381,NORMAL
41.9472,2.906,48.4518,0.0272,-83.0,40.8875,3.0994,46.2429,-0.5648,-83.0,37.5116,2.6278,44.4067,-0.2442,-83.0,38.9111,2.6362,44.8172,-0.4705,-83.0,43.6663,3.0674,52.3275,0.1947,-83.0,42.9789,2.7015,50.4094,0.1047,-83.0,25.0193,0.4947,24.9514,0.4917,0.0679,49.9707,0.4072,0.4962,0.0476,0.4107,0.5113,0.0493,29.9911,4.7305,40.885,43.5585,2.1752,0.9735,1.0371,NORMAL
41.5158,2.8821,46.8842,-0.3514,-83.0,40.6435,2.8935,45.575,-0.4763,-83.0,37.5,2.6493,42.6063,-0.8413,-83.0,38.7085,2.2038,42.788,-0.3575,-83.0,43.8667,3.0066,51.9536,0.527,-83.0,43.4821,3.0258,51.5197,0.5549,-83.0,24.9551,0.5459,24.9683,0.572,0.0132,49.9234,0.4036,0.4981,0.0541,0.4067,0.5335,0.047,29.8796,5.0198,40.858,43.7636,2.3096,0.9728,1.042,NORMAL
42.1951,3.0079,48.0509,-0.1669,-83.0,40.1122,2.7463,45.575,-0.8059,-83.0,37.9522,2.547,42.6063,-0.8311,-83.0,39.0186,2.4077,43.5035,1.7583,-83.0,44.0521,3.1445,51.9536,0.0747,-83.0,43.9925,3.2791,51.5197,-0.0966,-83.0,25.0969,0.5575,24.9575,0.5459,0.1394,50.0544,0.4103,0.4981,0.052,0.395,0.5335,0.0469,30.024,4.3158,41.1211,43.9397,2.3446,0.9791,1.0462,NORMAL
42.9299,2.6429,48.8894,-0.2092,-83.0,40.3417,3.0459,45.3235,-1.0023,-83.0,37.8873,2.432,43.6633,-0.2438,-83.0,38.9827,2.5581,44.4729,1.333,-83.0,44.1333,2.8721,48.6298,0.8217,-83.0,43.5878,2.9424,49.2564,-0.3658,-83.0,25.1604,0.5114,24.8985,0.4633,0.2618,50.0589,0.4117,0.4901,0.0426,0.3964,0.5298,0.0461,30.076,3.7391,41.2185,44.0398,2.372,0.9814,1.0486,NORMAL
42.4933,2.504,48.8894,-0.1685,-83.0,40.7915,3.1781,48.6591,-0.4329,-83.0,37.5412,2.5398,43.6633,-0.5045,-83.0,38.6156,2.5359,44.4729,-0.4539,-83.0,44.5727,2.97,50.5493,1.3187,-83.0,42.8174,2.8254,49.9765,0.1474,-83.0,25.0361,0.4661,24.8873,0.4861,0.1488,49.9234,0.4022,0.4829,0.0473,0.4112,0.5298,0.0493,30.0331,4.4565,41.0454,44.4736,2.4429,0.9773,1.0589,NORMAL
42.2834,2.5679,49.0687,-0.5478,-83.0,41.2144,3.3632,48.6591,-0.3672,-83.0,37.5811,2.3681,42.6138,-0.699,-83.0,38.8788,2.549,43.754,-0.612,-83.0,43.8444,2.7548,50.5493,-0.1517,-83.0,42.9696,3.1573,52.1189,0.8829,-83.0,24.9655,0.4602,25.0711,0.5239,0.1056,50.0367,0.4037,0.5345,0.0535,0.4049,0.5121,0.0467,30.2143,5.8855,41.0325,43.7578,2.2196,0.977,1.0419,NORMAL
42.2611,3.0116,49.4268,-0.4298,-83.0,41.1669,3.0717,47.9277,-0.2934,-83.0,37.7911,2.2287,43.6914,0.1406,-83.0,38.8373,2.1412,43.754,-0.3161,-83.0,43.5306,2.7144,50.1602,-0.1788,-83.0,43.3846,3.2543,52.1189,0.1749,-83.0,25.0529,0.5201,25.0927,0.531,0.0398,50.1456,0.4025,0.5345,0.0487,0.4057,0.4938,0.0417,30.0214,5.2033,41.0696,43.4459,2.1628,0.9778,1.0344,NORMAL
41.3453,3.4473,49.4268,-0.4428,-83.0,41.2824,2.754,46.6718,-0.6282,-83.0,37.3918,2.336,43.6914,0.179,-83.0,38.7699,1.8724,43.4304,-0.4897,-83.0,43.7686,2.7183,50.1602,-0.6175,-83.0,43.2151,3.6597,51.3683,-0.3903,-83.0,25.0198,0.5271,25.017,0.4894,0.0029,50.0368,0.4035,0.5644,0.0539,0.4188,0.5168,0.0424,29.828,3.4983,40.8632,43.6841,2.2413,0.9729,1.0401,NORMAL
41.0818,3.1969,48.4215,-0.4111,-83.0,42.0209,2.836,47.2567,-0.9828,-83.0,37.873,2.5926,43.262,-0.5309,-83.0,38.9916,1.8005,43.4304,-0.0419,-83.0,43.4747,2.7966,48.9007,-0.7625,-83.0,43.5526,3.613,51.3683,-0.1785,-83.0,24.9493,0.5433,25.0149,0.4541,0.0656,49.9643,0.4053,0.5644,0.0567,0.417,0.5168,0.0484,29.9281,3.2414,41.0673,43.4025,2.1147,0.9778,1.0334,NORMAL
41.8904,2.7418,48.3784,0.0235,-83.0,41.337,3.3713,47.6168,-0.1111,-83.0,38.7597,2.5904,43.4247,-1.0708,-83.0,38.8659,2.0456,43.3626,-0.3849,-83.0,44.0595,3.0894,50.2655,-0.6854,-83.0,43.6814,3.0752,51.2417,0.3643,-83.0,24.9538,0.5357,24.9978,0.3938,0.044,49.9516,0.4059,0.4892,0.049,0.414,0.5141,0.0519,29.8757,3.9225,41.3349,43.9511,2.0631,0.9842,1.0465,NORMAL
42.4687,2.5604,48.3784,-0.4028,-83.0,40.4314,3.2487,47.6168,-0.2937,-83.0,38.6766,2.4844,43.4247,-1.0186,-83.0,38.9246,2.4974,44.4299,-0.4042,-83.0,44.1059,2.7581,50.2655,-0.6652,-83.0,42.9958,3.2721,49.5308,0.5028,-83.0,24.9736,0.4939,24.9929,0.3733,0.0193,49.9666,0.4064,0.4874,0.0419,0.411,0.5178,0.0487,29.825,3.925,41.1707,44.0196,2.0531,0.9803,1.0481,NORMAL
42.0799,2.7425,46.4514,-0.5288,-83.0,41.1114,3.2148,48.581,-0.5129,-83.0,38.205,2.2037,42.9512,-0.7971,-83.0,39.2596,2.6916,44.8391,-0.4466,-83.0,43.9416,2.9847,51.1032,-0.1799,-83.0,42.7632,3.1052,49.5308,0.4359,-83.0,25.0423,0.5457,24.9093,0.4499,0.133,49.9516,0.4053,0.4892,0.0387,0.4017,0.5178,0.0433,30.0428,4.1304,41.1292,43.8401,1.9664,0.9793,1.0438,NORMAL
41.8022,2.6907,46.4994,-0.5851,-83.0,41.0528,3.1356,48.581,-0.5887,-83.0,37.9938,2.3684,42.9798,-0.4881,-83.0,39.6764,2.782,45.6002,-0.8395,-83.0,44.1807,3.053,51.1032,-0.0499,-83.0,42.9191,3.0325,49.2554,-0.1944,-83.0,25.0584,0.5206,24.8981,0.5339,0.1603,49.9565,0.4044,0.4892,0.0461,0.4021,0.4963,0.0424,30.2038,5.4483,41.1723,44.075,2.0242,0.9803,1.0494,NORMAL
41.8895,2.4909,46.587,-0.5214,-83.0,41.0991,3.0741,48.3647,-0.0815,-83.0,38.0945,2.6496,43.7672,-0.5206,-83.0,39.2039,2.7846,45.6002,0.5714,-83.0,44.2982,2.8798,50.7312,-0.6708,-83.0,42.893,2.9949,49.245,-0.4427,-83.0,25.056,0.457,25.0424,0.5988,0.0136,50.0984,0.4069,0.4843,0.0473,0.4041,0.4963,0.0449,30.0315,5.5011,41.1499,44.2045,2.1046,0.9798,1.0525,NORMAL
41.9864,2.7752,50.1134,0.3514,-83.0,41.6559,3.3723,48.4826,-0.0487,-83.0,37.8404,2.5699,43.7672,-0.4867,-83.0,39.1911,2.4594,44.9454,1.924,-83.0,44.1875,2.7474,49.0284,-0.795,-83.0,42.7159,3.1238,54.4913,2.6866,-83.0,24.9849,0.492,25.1111,0.545,0.1262,50.0961,0.4064,0.4843,0.0447,0.3993,0.4812,0.0402,29.9726,4.604,41.1641,44.102,2.129,0.9801,1.05,NORMAL
41.848,3.0772,50.1134,-0.1037,-83.0,41.3902,3.5881,48.4826,-1.0022,-83.0,37.5202,2.2403,42.9527,-0.4517,-83.0,39.42,2.1043,44.9454,0.0004,-83.0,44.7618,2.7139,51.1639,-0.2079,-83.0,43.2038,3.043,54.4913,2.5017,-83.0,24.9685,0.495,24.9477,0.5542,0.0208,49.9161,0.4087,0.5179,0.0443,0.4043,0.4652,0.0386,30.0083,4.604,41.2604,44.6795,2.3586,0.9824,1.0638,NORMAL
41.8151,3.2857,48.178,-0.5859,-83.0,41.4711,3.3579,47.2545,-0.7301,-83.0,37.4597,2.5731,45.3221,0.9176,-83.0,38.684,2.7092,44.1636,-0.6153,-83.0,44.6308,3.1005,51.1639,-0.5912,-83.0,43.3305,2.5429,49.5339,-0.066,-83.0,24.9465,0.5181,24.9565,0.5871,0.01,49.903,0.416,0.5179,0.0464,0.4092,0.4763,0.039,29.9414,4.4957,41.1266,44.5229,2.4822,0.9792,1.0601,NORMAL
42.0691,3.1122,48.8888,-0.0469,-83.0,41.3475,3.4052,48.0743,-0.2311,-83.0,37.7391,2.9144,45.3221,-0.0927,-83.0,38.6731,2.9104,44.6301,-0.6743,-83.0,44.2404,2.9194,50.7453,-0.5742,-83.0,43.5531,3.01,49.1074,-0.684,-83.0,25.0165,0.5743,25.115,0.549,0.0985,50.1315,0.4068,0.5122,0.0547,0.4109,0.4996,0.0453,29.8784,3.9294,41.1573,44.1439,2.3806,0.9799,1.051,NORMAL
42.2712,2.6787,48.8888,0.3062,-83.0,41.2005,3.4595,48.0743,-0.7215,-83.0,37.6805,2.5059,43.294,-0.7613,-83.0,39.0873,2.1385,44.6301,0.5524,-83.0,44.5648,2.5048,49.9645,-0.6294,-83.0,44.2268,2.9561,51.4322,-0.2619,-83.0,25.1401,0.5567,25.1092,0.5235,0.0309,50.2492,0.4003,0.5063,0.0522,0.4067,0.5027,0.0465,30.0128,5.2667,41.4149,44.4944,2.5112,0.9861,1.0594,NORMAL
41.857,2.8795,47.4221,-0.4198,-83.0,40.8099,3.058,46.8538,-0.9074,-83.0,37.5704,2.556,43.5147,-0.3973,-83.0,38.8013,2.0836,43.1279,0.1034,-83.0,43.8684,2.9045,49.4609,-0.7671,-83.0,43.4686,2.7649,51.4322,0.6604,-83.0,25.1114,0.5175,25.0297,0.4814,0.0817,50.1411,0.3997,0.5117,0.0495,0.3952,0.5027,0.0462,30.2307,5.2667,40.9724,43.7721,2.29,0.9755,1.0422,NORMAL
41.7037,3.1832,47.185,-0.9584,-83.0,40.954,2.9902,46.4206,-0.0137,-83.0,37.729,2.5904,43.5147,-0.4141,-83.0,38.8707,2.3987,43.5244,-0.4733,-83.0,43.5087,2.9057,50.4385,-0.3986,-83.0,42.4464,2.5051,48.0723,-0.3716,-83.0,25.0254,0.4934,24.9638,0.4472,0.0616,49.9892,0.4052,0.5117,0.0525,0.3921,0.4825,0.0497,30.0951,3.8886,40.7745,43.4115,1.9959,0.9708,1.0336,NORMAL
42.1922,2.619,46.8399,-0.5973,-83.0,41.093,2.8401,46.1,0.723,-83.0,37.3281,2.1842,41.1503,-0.2979,-83.0,39.5045,2.2924,44.7604,-0.5747,-83.0,44.0063,2.4848,50.4882,0.2855,-83.0,43.0784,2.8943,49.1422,0.1207,-83.0,24.9067,0.4943,24.9627,0.4547,0.056,49.8694,0.4107,0.4982,0.0483,0.4036,0.4795,0.0477,29.9002,3.8109,41.1208,43.9361,2.2394,0.9791,1.0461,NORMAL
42.4944,2.5382,48.3533,1.5707,-83.0,40.4536,2.9431,46.7475,-0.1333,-83.0,37.708,2.429,44.719,0.3149,-83.0,39.2814,2.501,44.9853,-0.5123,-83.0,44.2547,2.7317,50.6748,-0.4534,-83.0,43.9231,2.9794,49.9362,0.3193,-83.0,24.9736,0.4771,24.9895,0.5077,0.0159,49.9632,0.4109,0.5518,0.0532,0.4077,0.4773,0.0434,30.0492,4.3295,41.2648,44.1703,2.4023,0.9825,1.0517,NORMAL
42.3782,2.9618,48.3533,0.242,-83.0,41.3759,3.1905,49.6306,0.4568,-83.0,38.1946,2.6031,44.719,-0.1451,-83.0,39.3532,2.693,45.0856,-0.4216,-83.0,44.2955,2.8899,50.9721,-0.801,-83.0,43.2988,2.9865,49.9362,1.0653,-83.0,25.1277,0.4575,24.9946,0.5419,0.1331,50.1224,0.414,0.5518,0.0536,0.4056,0.5226,0.0469,30.0901,4.1602,41.3818,44.2011,2.1324,0.9853,1.0524,NORMAL
41.9939,2.5231,47.5789,-0.2872,-83.0,41.9317,3.2094,49.6306,-0.3083,-83.0,38.4063,2.3176,43.9623,-0.1018,-83.0,39.1594,2.7503,45.0856,-0.3062,-83.0,43.836,2.9606,50.9721,-0.4836,-83.0,42.4448,3.2228,48.8385,-0.0135,-83.0,25.0868,0.4659,25.0992,0.4916,0.0123,50.186,0.4118,0.5084,0.0454,0.3994,0.5226,0.0456,30.0974,4.1977,41.1973,43.7359,1.8861,0.9809,1.0413,NORMAL
42.1227,2.1724,47.1445,-0.3611,-83.0,41.4576,2.9671,48.54,-0.6602,-83.0,38.5477,2.1482,42.4701,-0.8114,-83.0,38.9777,2.8829,45.8553,-0.223,-83.0,43.1207,2.7411,47.8781,-0.6015,-83.0,42.5163,3.3495,49.3898,-0.2235,-83.0,25.0726,0.3744,25.0811,0.4915,0.0085,50.1537,0.4029,0.4826,0.0409,0.3929,0.4768,0.0354,29.9558,4.3576,41.0324,43.0335,1.7392,0.977,1.0246,NORMAL
42.0844,2.5712,46.2059,-0.7631,-83.0,40.7443,3.0399,46.1499,-0.132,-83.0,38.314,2.3626,41.7795,-0.6776,-83.0,39.0958,2.9248,45.8553,-0.4135,-83.0,43.476,3.1101,51.5291,-0.123,-83.0,43.2924,3.1638,49.3898,-0.1482,-83.0,24.9596,0.4338,24.9075,0.5123,0.0521,49.8671,0.3999,0.519,0.0459,0.4031,0.5061,0.0391,29.9664,4.4696,41.0675,43.3646,1.9628,0.9778,1.0325,NORMAL
41.8717,2.8507,47.8493,-0.7163,-83.0,40.9303,3.458,48.7438,-0.1845,-83.0,38.1772,2.4787,42.1279,-0.8086,-83.0,39.003,2.6862,44.2325,-1.0572,-83.0,44.1881,3.2904,51.5291,-0.15,-83.0,43.7977,2.6543,48.9612,-0.9687,-83.0,24.9953,0.5077,24.9498,0.565,0.0455,49.9451,0.4012,0.519,0.0499,0.3989,0.5061,0.0453,30.07,5.2482,41.2247,44.0655,2.2331,0.9815,1.0492,NORMAL
41.7894,3.0666,49.3525,-0.0442,-83.0,41.6907,2.6766,48.7438,0.0902,-83.0,38.1752,2.7027,44.0777,-0.6623,-83.0,39.3563,2.5814,43.6086,-1.1154,-83.0,44.2324,3.0342,49.5977,-0.7214,-83.0,43.6414,2.664,49.6478,-0.4837,-83.0,25.0738,0.4857,24.9832,0.522,0.0906,50.057,0.3991,0.4949,0.046,0.3889,0.4777,0.046,29.9791,4.7229,41.3868,44.1282,2.1519,0.9854,1.0507,NORMAL
42.1358,2.9769,49.3525,0.0299,-83.0,41.4311,2.3742,45.6629,-0.0213,-83.0,38.1629,2.6705,44.0777,-0.0078,-83.0,39.3469,2.6017,43.8294,-0.8822,-83.0,44.1512,2.6783,49.4707,-0.6891,-83.0,43.417,2.878,49.6478,-0.7293,-83.0,25.0613,0.5123,24.9262,0.4741,0.1352,49.9875,0.3942,0.4949,0.04,0.395,0.4868,0.0532,30.0428,3.7593,41.3525,44.0699,2.1164,0.9846,1.0493,NORMAL
42.3437,3.0378,48.5136,-0.6241,-83.0,40.7321,2.9312,45.8475,-0.7202,-83.0,38.2895,2.3866,45.0181,0.8678,-83.0,38.9562,2.3181,43.8294,-0.4738,-83.0,44.1262,2.8364,50.3907,0.6604,-83.0,43.2339,2.5745,47.6979,-0.592,-83.0,25.132,0.5077,24.8605,0.5713,0.2716,49.9925,0.4003,0.4746,0.0363,0.3983,0.4868,0.0536,30.0947,3.3019,41.1926,44.0349,2.1419,0.9808,1.0485,NORMAL
42.0523,3.3434,48.0959,-0.5772,-83.0,40.8256,3.0495,46.351,-0.9122,-83.0,37.7179,2.5573,45.0181,0.0217,-83.0,39.1839,2.1918,43.8106,-0.2541,-83.0,43.9412,2.9174,50.3907,0.8167,-83.0,42.9495,2.7593,48.8366,-0.566,-83.0,24.9698,0.5892,24.9331,0.5606,0.0367,49.9029,0.4131,0.536,0.0408,0.4025,0.4778,0.0453,30.0785,3.9333,41.0149,43.8442,2.1351,0.9765,1.0439,NORMAL
79.9367,31.7548,114.2577,-1.944,-83.0,78.7062,31.1885,111.5859,-1.9487,-83.0,72.6552,29.6328,100.8842,-1.9685,-83.0,74.6412,29.1452,101.4797,-1.9731,-83.0,83.0161,32.6595,116.6667,-1.9523,-83.0,80.3393,31.5666,117.7243,-1.9348,-83.0,24.9625,0.5718,25.0041,0.4932,0.0416,49.9666,0.9679,1.4112,0.4461,0.8963,1.3723,0.4023,30.6317,5.5008,71.8125,76.3218,3.3356,1.7098,1.8172,WATCH
105.3884,4.279,114.2577,-0.983,-83.0,102.249,4.3058,111.5859,-0.6279,-83.0,95.9986,2.5161,100.8842,-0.7866,-83.0,98.2203,2.7692,104.6964,-0.4217,-83.0,108.8836,4.035,116.6667,-0.7084,-83.0,105.6416,4.3056,119.4092,1.6078,-83.0,24.9967,0.4107,24.9732,0.4533,0.0235,49.9699,1.3076,1.4501,0.0621,1.1993,1.3723,0.0701,31.2518,4.5479,102.6615,108.8088,4.4401,2.4443,2.5907,WATCH
105.1201,4.2953,112.2971,-1.1905,-83.0,101.577,3.9459,109.6863,-0.2136,-83.0,96.2118,2.2769,100.4298,-0.0121,-83.0,98.223,2.8448,104.6964,-0.0257,-83.0,109.0542,3.3928,115.6314,-0.3984,-83.0,106.2552,4.1645,119.4092,1.3409,-83.0,24.9688,0.3989,25.0513,0.4578,0.0824,50.0201,1.3021,1.4501,0.0588,1.2062,1.3499,0.0664,31.2794,4.242,102.679,109.0014,4.5002,2.4447,2.5953,WATCH
105.3196,3.7998,111.9151,-0.9066,-83.0,101.6049,3.6295,107.7243,-0.3864,-83.0,96.0282,2.2811,100.6449,-0.179,-83.0,97.4637,2.627,104.5636,0.2203,-83.0,109.0705,3.3547,115.6008,-1.1335,-83.0,106.3339,4.6816,117.8784,-0.3024,-83.0,25.0049,0.5607,25.0171,0.5232,0.0121,50.022,1.3019,1.4155,0.0525,1.2055,1.3149,0.055,31.2002,5.0719,102.5784,109.0189,4.705,2.4423,2.5957,WATCH
105.6663,3.1144,111.97,-0.895,-83.0,101.5676,3.8531,108.695,-0.6745,-83.0,96.0968,2.1628,100.6449,-0.7869,-83.0,97.1277,2.5662,102.9191,-0.3916,-83.0,108.0844,4.533,119.2634,-0.2799,-83.0,106.6417,5.073,115.9559,-0.7546,-83.0,24.9919,0.6044,24.9045,0.4949,0.0874,49.8963,1.3123,1.4287,0.0604,1.1927,1.3069,0.0519,31.0363,5.0719,102.4653,107.9893,4.6113,2.4396,2.5712,WATCH
104.9475,3.6279,111.97,0.3029,-83.0,101.9505,3.5628,109.1806,0.2878,-83.0,96.4575,2.4561,102.6505,0.0773,-83.0,97.6983,3.2059,104.0077,-0.2377,-83.0,108.0417,4.2032,119.2634,0.2593,-83.0,106.456,5.1711,115.9559,-0.8261,-83.0,25.077,0.5072,24.9743,0.5347,0.1027,50.0513,1.3011,1.4899,0.072,1.1889,1.2985,0.0596,30.9972,3.8199,102.5225,107.9599,4.3011,2.441,2.5705,WATCH
105.3459,3.6721,111.0613,0.4167,-83.0,102.162,3.7958,112.2999,0.4114,-83.0,96.7459,3.0786,103.0871,-0.6193,-83.0,97.3879,3.5373,104.0077,-0.408,-83.0,108.4009,3.5831,116.2035,-0.653,-83.0,106.039,4.5351,114.5552,-0.6529,-83.0,25.0872,0.4474,25.0057,0.5524,0.0815,50.0929,1.3004,1.4899,0.0783,1.1879,1.2985,0.0564,30.9705,4.4157,102.6129,108.3417,4.3641,2.4432,2.5796,WATCH
105.2107,3.432,110.3969,0.6568,-83.0,102.5129,4.0821,112.2999,-0.299,-83.0,96.7567,2.922,103.0871,-0.8543,-83.0,97.0774,3.1857,102.5129,-0.5623,-83.0,107.9736,4.0363,116.2035,-0.8209,-83.0,105.731,4.162,113.6422,-0.94,-83.0,25.0541,0.4583,24.9121,0.4387,0.142,49.9663,1.3149,1.4494,0.0693,1.1989,1.3283,0.06,30.9034,4.1648,102.4785,107.8981,4.2735,2.44,2.569,WATCH
104.5508,3.4813,110.3969,0.1634,-83.0,102.8416,3.8701,111.295,-0.3699,-83.0,95.9269,2.3993,101.091,-0.2564,-83.0,97.4801,2.7951,102.5129,-0.5821,-83.0,107.8606,4.0711,114.3689,-0.9272,-83.0,105.4014,4.0894,113.0969,-0.9487,-83.0,25.0248,0.4628,24.8864,0.4513,0.1384,49.9113,1.3054,1.4494,0.0639,1.2063,1.3283,0.0646,31.049,4.3682,102.284,107.7837,4.2593,2.4353,2.5663,WATCH
105.1513,4.0459,114.2276,-0.0488,-83.0,101.9094,3.9313,111.295,0.2772,-83.0,95.3052,2.194,100.0403,-0.5656,-83.0,98.0584,2.7586,104.1991,-0.2193,-83.0,107.6807,4.057,115.3858,-1.0292,-83.0,106.2686,4.586,116.4494,-0.6361,-83.0,25.0255,0.3921,24.9361,0.5249,0.0895,49.9616,1.2927,1.4483,0.0573,1.2045,1.2977,0.0484,31.2427,5.8322,102.3301,107.6042,4.4463,2.4364,2.562,WATCH
105.1947,4.401,114.2276,-0.031,-83.0,101.2927,3.932,113.4195,1.5176,-83.0,95.859,3.1664,103.391,-0.2307,-83.0,98.2375,2.6783,104.1991,-0.7,-83.0,108.1258,3.7769,117.099,-0.6481,-83.0,106.0528,4.5442,116.4494,-0.2667,-83.0,25.0523,0.4756,25.0621,0.503,0.0098,50.1144,1.2973,1.4065,0.0512,1.2002,1.3149,0.0462,31.2908,5.8322,102.3903,108.0598,4.3681,2.4379,2.5729,WATCH
104.7489,3.9717,113.7454,-0.0664,-83.0,101.3758,4.4201,113.4195,0.1922,-83.0,95.955,3.2247,103.391,-0.2982,-83.0,97.0858,2.9225,103.1728,-0.5537,-83.0,108.3055,3.8269,117.099,0.8078,-83.0,105.8044,4.0911,115.3168,0.2687,-83.0,25.0314,0.5091,25.1276,0.497,0.0962,50.1589,1.2996,1.4449,0.0667,1.1841,1.3149,0.0514,31.1039,5.8278,102.1431,108.2379,4.5114,2.432,2.5771,WATCH
104.2354,3.8846,110.9726,-0.6914,-83.0,101.5,4.2615,109.6962,-0.6526,-83.0,95.6508,2.6029,101.197,1.2788,-83.0,97.1777,3.3151,103.8387,-0.4255,-83.0,107.8256,3.4617,115.8478,1.8412,-83.0,105.4787,4.0785,115.3168,-0.1789,-83.0,24.9752,0.508,24.9851,0.5143,0.0099,49.9603,1.2992,1.4449,0.0658,1.1871,1.3038,0.0539,31.0685,5.8278,101.9133,107.77,4.3665,2.4265,2.566,WATCH
104.0697,4.0101,111.3256,-0.1186,-83.0,101.8692,4.0775,110.095,-0.445,-83.0,96.0512,3.0332,101.8302,0.5346,-83.0,98.0031,2.9014,103.8387,-0.0669,-83.0,108.0766,3.3907,117.7914,1.1303,-83.0,105.9738,3.5282,114.0807,-0.5431,-83.0,24.9635,0.5369,24.8854,0.5424,0.078,49.8489,1.3041,1.4557,0.0564,1.1976,1.3038,0.0571,31.177,3.5987,102.2803,108.0234,4.2315,2.4352,2.572,WATCH
104.2341,4.0178,111.3256,0.0524,-83.0,101.7896,4.1802,110.095,-0.8086,-83.0,96.2924,2.9392,101.8302,-0.362,-83.0,98.015,2.5653,104.2899,-0.3184,-83.0,108.1252,4.3372,118.2595,-0.0201,-83.0,107.2014,3.6953,115.0469,0.4124,-83.0,25.0348,0.4443,24.9525,0.5863,0.0823,49.9873,1.306,1.4557,0.0527,1.2035,1.3093,0.0548,31.1412,3.0057,102.5442,108.0382,4.3791,2.4415,2.5723,WATCH
104.6079,4.3273,114.4735,-0.3813,-83.0,101.9107,4.0523,109.5454,-1.1586,-83.0,96.105,3.267,104.5742,0.4765,-83.0,97.66,2.6425,104.2899,0.0239,-83.0,107.8884,4.148,118.2595,-0.0692,-83.0,106.6527,3.9029,115.0469,-0.0761,-83.0,25.0578,0.4883,24.9591,0.571,0.0986,50.0169,1.3138,1.4343,0.0537,1.2105,1.3093,0.0477,31.0609,3.5955,102.402,107.8086,4.372,2.4381,2.5669,WATCH
105.2189,4.3871,114.4735,-0.401,-83.0,102.237,3.8638,109.5135,-1.1537,-83.0,95.7224,3.6571,104.5742,-0.2431,-83.0,97.9097,2.6727,105.3379,0.133,-83.0,108.2161,3.7784,118.5743,-0.1197,-83.0,106.4249,3.9445,117.5985,0.1041,-83.0,25.0596,0.5374,24.9082,0.4999,0.1514,49.9678,1.3183,1.4343,0.0589,1.217,1.3588,0.0539,31.1586,4.5056,102.5532,108.1501,4.5102,2.4417,2.575,WATCH
105.7186,4.0316,111.3533,0.2995,-83.0,102.2938,3.9251,109.5135,-0.018,-83.0,95.3994,3.2967,102.7892,-0.4475,-83.0,97.9224,2.6463,105.3379,0.1443,-83.0,108.2305,4.2837,118.5743,-0.6485,-83.0,107.0603,3.8678,117.5985,-0.2564,-83.0,25.0323,0.4547,24.9653,0.4637,0.067,49.9975,1.3165,1.3978,0.0477,1.2189,1.3588,0.0601,31.1402,4.3836,102.7042,108.1457,4.7302,2.4453,2.5749,WATCH
105.4022,3.9419,111.185,-0.3393,-83.0,101.8469,3.9546,109.3989,-0.1022,-83.0,95.5468,3.7329,105.2721,-0.2793,-83.0,97.4819,2.8964,104.9522,-0.0108,-83.0,108.7432,4.1248,114.6647,-0.7342,-83.0,107.7048,3.6619,114.0626,-0.3155,-83.0,25.0472,0.4624,24.9902,0.5004,0.057,50.0375,1.3115,1.445,0.0542,1.2057,1.3581,0.0615,30.9392,4.0207,102.7198,108.665,4.9611,2.4457,2.5873,WATCH
104.4111,3.9752,113.6581,-0.6438,-83.0,101.9545,3.7271,110.9079,-0.2609,-83.0,96.2891,3.9184,105.2721,-0.5698,-83.0,97.4884,3.5268,104.9522,-0.6295,-83.0,108.7576,3.9164,114.5096,-0.5059,-83.0,106.2941,4.0464,114.0626,-0.6979,-83.0,25.0515,0.4796,24.8969,0.5434,0.1545,49.9484,1.2941,1.445,0.0606,1.2007,1.3158,0.0587,30.8942,4.2357,102.46,108.6871,4.4938,2.4395,2.5878,WATCH
104.3575,3.8687,113.6581,-0.6578,-83.0,101.9259,4.1591,110.9079,0.2787,-83.0,96.8248,3.523,103.8424,-0.3933,-83.0,97.9073,3.1272,103.6512,-0.3858,-83.0,108.8127,4.1987,116.5524,-0.8493,-83.0,105.3734,4.2562,119.1859,0.6761,-83.0,25.1186,0.4552,24.8959,0.5365,0.2227,50.0145,1.2906,1.3979,0.0516,1.2143,1.3141,0.0556,30.9564,4.4478,102.4606,108.7316,4.1775,2.4395,2.5888,WATCH
104.7082,3.518,111.909,-0.8347,-83.0,102.2925,3.7025,107.884,1.365,-83.0,96.7351,3.2501,101.9286,-0.2261,-83.0,98.0814,2.7666,106.9784,0.6183,-83.0,109.1888,4.0521,116.5524,-0.9602,-83.0,106.6545,4.2354,119.1859,0.0465,-83.0,25.1247,0.5152,24.9728,0.4987,0.1519,50.0975,1.312,1.4076,0.0509,1.2131,1.3141,0.0554,30.8211,4.3984,102.8802,109.1135,4.4323,2.4495,2.5979,WATCH
104.6295,3.7206,114.5898,-0.049,-83.0,102.8391,3.237,109.841,-0.3127,-83.0,96.3925,3.2199,101.4031,0.24,-83.0,97.8092,2.7241,106.9784,0.9905,-83.0,108.4159,3.8227,116.2192,-0.2479,-83.0,106.7187,3.4311,113.5096,-0.6131,-83.0,24.9948,0.5693,25.1228,0.4929,0.1279,50.1176,1.3278,1.4076,0.0442,1.2036,1.3123,0.0493,30.8906,4.0048,102.7456,108.3485,4.3939,2.4463,2.5797,WATCH
104.7394,3.3981,114.5898,0.173,-83.0,102.0834,4.151,109.841,0.0332,-83.0,95.7776,3.4223,102.4282,-0.6686,-83.0,97.937,2.8182,105.0209,-0.4785,-83.0,108.0214,3.8801,116.0656,-0.0965,-83.0,106.7535,3.4522,113.6968,-0.5338,-83.0,24.9653,0.5797,25.1736,0.4438,0.2083,50.139,1.3203,1.4016,0.0505,1.2061,1.3474,0.0522,31.1245,4.0548,102.4909,107.9517,4.4642,2.4403,2.5703,WATCH
105.9811,3.3617,113.9303,-0.648,-83.0,102.0679,3.9748,111.5225,0.5888,-83.0,95.8373,3.2943,103.7564,-0.7144,-83.0,97.9448,2.7524,105.0209,-0.2711,-83.0,108.7359,3.9936,117.0781,-0.1628,-83.0,106.2833,3.8154,114.8916,-0.2001,-83.0,24.9535,0.5548,25.0326,0.4252,0.0791,49.9861,1.3123,1.4016,0.059,1.2072,1.3643,0.0629,31.2209,3.9999,102.7471,108.6625,4.6489,2.4464,2.5872,WATCH
105.9143,3.5239,113.9303,-0.4603,-83.0,102.0073,3.5472,111.5225,-0.2096,-83.0,96.3502,3.2227,103.7564,-0.6035,-83.0,98.0996,2.5065,102.3956,-0.576,-83.0,107.9056,4.3898,117.0781,-0.5977,-83.0,106.4136,4.2959,116.905,-0.0296,-83.0,24.9844,0.5061,24.9555,0.4411,0.0289,49.9399,1.3064,1.3937,0.0588,1.2038,1.3643,0.0614,31.1962,3.133,102.7181,107.8162,4.3267,2.4457,2.5671,WATCH
105.5133,3.3442,112.7181,-0.3805,-83.0,102.1641,3.5995,110.9488,-0.3466,-83.0,96.5731,3.0107,102.76,-0.6741,-83.0,98.6554,3.0256,104.7484,0.0035,-83.0,107.1114,4.0626,114.7897,-0.7596,-83.0,106.3613,4.2783,116.905,-0.3877,-83.0,25.0293,0.4966,24.9835,0.5543,0.0457,50.0128,1.3228,1.4633,0.0653,1.1907,1.3304,0.0621,30.9997,3.723,102.6676,107.0343,3.9664,2.4445,2.5484,WATCH
105.3456,4.2453,117.4997,0.1762,-83.0,103.0449,3.4,110.9488,-0.0844,-83.0,96.215,2.7557,102.3879,-0.3806,-83.0,98.4545,2.8846,104.7484,1.2961,-83.0,107.8915,3.3436,115.7796,-0.4445,-83.0,105.2198,3.5653,112.4198,-0.4551,-83.0,25.014,0.4771,25.004,0.555,0.0101,50.018,1.3283,1.4633,0.068,1.1968,1.3304,0.0626,30.9391,3.6782,102.6393,107.8396,4.0832,2.4438,2.5676,WATCH
104.8767,4.1811,117.4997,0.2153,-83.0,102.1285,3.6388,110.2847,0.2201,-83.0,95.5857,2.6654,100.7408,-0.1237,-83.0,97.7956,2.6592,103.6126,0.8635,-83.0,107.6026,3.1193,115.7796,-0.1197,-83.0,105.4152,3.4982,113.6164,-0.1235,-83.0,24.9892,0.4344,24.9488,0.4473,0.0404,49.938,1.3124,1.4317,0.0561,1.2131,1.3465,0.0583,30.9059,3.4633,102.1799,107.5574,4.2695,2.4329,2.5609,WATCH
104.2262,4.1534,116.3822,0.2615,-83.0,101.5281,3.7678,106.9827,-0.1692,-83.0,95.9577,2.8483,102.724,0.0799,-83.0,97.7627,2.8593,103.6126,0.1101,-83.0,107.8714,3.8737,117.8843,-0.1541,-83.0,105.9645,4.3773,116.2439,-0.5728,-83.0,24.9575,0.491,24.913,0.425,0.0445,49.8705,1.3088,1.4298,0.0455,1.2069,1.3465,0.0627,30.8844,4.2751,102.1523,107.8019,4.2574,2.4322,2.5667,WATCH
103.3516,4.172,116.3822,0.4435,-83.0,102.2537,4.0839,110.0125,-0.0706,-83.0,96.0789,2.8676,102.724,-0.2527,-83.0,98.8955,3.2968,105.6946,-0.1448,-83.0,108.1717,4.1421,117.8843,0.1212,-83.0,106.0413,4.3377,116.2439,-0.3795,-83.0,25.0125,0.5799,25.0101,0.4666,0.0024,50.0225,1.3118,1.4714,0.0598,1.2015,1.3275,0.0613,30.9492,4.2751,102.3935,108.0924,4.062,2.4379,2.5736,WATCH
103.9246,3.7946,112.2257,-0.6248,-83.0,102.5356,4.518,110.7955,-0.4972,-83.0,95.6089,2.805,102.3646,-0.3138,-83.0,99.5637,3.839,109.567,0.2741,-83.0,108.1863,3.634,115.6828,0.2367,-83.0,106.3097,3.9195,113.8585,-0.3301,-83.0,24.9688,0.5387,25.0393,0.5359,0.0705,50.0081,1.3049,1.4714,0.0628,1.2086,1.367,0.0598,30.9813,3.9036,102.6186,108.1252,4.1731,2.4433,2.5744,WATCH
104.5268,4.4791,114.4917,-0.7368,-83.0,102.1379,3.8445,110.7955,-0.2446,-83.0,95.4327,3.0793,102.3101,-0.6601,-83.0,98.9165,3.8278,109.567,0.2843,-83.0,108.1325,3.6921,118.3027,0.2498,-83.0,107.1271,4.1897,113.8585,-0.13,-83.0,24.9061,0.4524,24.9854,0.5462,0.0794,49.8915,1.2947,1.4495,0.0594,1.2099,1.367,0.0565,30.786,4.0397,102.6394,108.0695,4.4629,2.4438,2.5731,WATCH
104.7922,4.7403,114.4917,-1.0356,-83.0,101.5053,3.2996,109.0713,-0.7076,-83.0,95.6287,3.0894,102.3101,-0.7578,-83.0,98.2718,3.4108,104.7303,-0.077,-83.0,107.6781,4.3585,118.3027,1.8057,-83.0,106.8332,4.4283,116.0518,-0.6582,-83.0,24.9307,0.42,25.0407,0.4911,0.11,49.9714,1.2993,1.4532,0.0689,1.2057,1.3388,0.0589,30.6915,4.3714,102.3765,107.5899,4.3963,2.4375,2.5617,WATCH
105.4667,3.9371,111.7713,-0.2897,-83.0,101.2622,4.1175,109.2395,-0.2484,-83.0,96.4807,2.748,101.4402,-0.4549,-83.0,97.5715,3.1746,104.1281,0.0853,-83.0,108.0604,4.6702,116.9306,1.0155,-83.0,105.8851,4.1168,116.0518,-0.5714,-83.0,25.0501,0.4268,24.9776,0.5426,0.0725,50.0278,1.2995,1.4532,0.0649,1.1955,1.3388,0.0677,30.7507,4.1655,102.3829,107.9594,4.3257,2.4377,2.5705,WATCH
105.7323,3.5321,113.0437,-0.3273,-83.0,101.3839,4.0791,109.2395,-0.2056,-83.0,96.6624,2.9231,101.3052,-0.9025,-83.0,97.8584,2.9524,103.5579,-0.6583,-83.0,107.8562,4.2603,116.9306,0.1668,-83.0,105.521,4.0109,115.682,-0.3397,-83.0,25.1101,0.472,24.8913,0.6183,0.2188,50.0013,1.3064,1.4006,0.0581,1.1772,1.2951,0.0666,30.8359,4.5916,102.4373,107.7721,4.1734,2.439,2.566,WATCH
105.3912,4.0501,113.5492,-0.8558,-83.0,101.6435,3.4704,109.4476,-0.4798,-83.0,96.125,3.3061,104.2118,-0.5123,-83.0,99.1356,3.5462,105.6007,-0.6059,-83.0,107.0052,3.8084,116.3155,0.3816,-83.0,105.6239,4.0225,115.682,-0.3545,-83.0,25.0628,0.4943,25.0361,0.5675,0.0268,50.0989,1.3108,1.4124,0.0576,1.1794,1.3541,0.059,30.9741,4.5916,102.4204,106.9374,3.8904,2.4386,2.5461,WATCH
105.0109,4.2504,113.5492,-0.4932,-83.0,101.8537,3.4404,109.4875,-0.3022,-83.0,95.5301,3.1052,104.2118,0.1268,-83.0,99.0368,3.5711,105.6007,-0.9975,-83.0,107.4858,3.8952,114.954,-0.6339,-83.0,106.1325,4.2316,118.4543,0.0485,-83.0,25.0745,0.5069,25.1209,0.4156,0.0464,50.1954,1.3006,1.4124,0.0602,1.1975,1.3616,0.0596,31.0023,5.4146,102.4393,107.4152,4.1799,2.439,2.5575,WATCH
104.5717,3.7519,111.5205,-0.0547,-83.0,101.9419,3.8097,109.4875,-0.1334,-83.0,95.2453,2.8392,102.9504,0.1722,-83.0,97.8222,3.0712,103.7406,1.417,-83.0,108.0578,4.0826,117.0311,-0.6197,-83.0,106.3915,4.1065,118.4543,0.1888,-83.0,24.9881,0.5472,25.0217,0.4816,0.0335,50.0098,1.2945,1.4025,0.0571,1.204,1.3616,0.0571,30.9822,5.4474,102.2741,107.9807,4.5508,2.4351,2.571,WATCH
104.6789,3.5625,110.2024,0.1643,-83.0,102.0031,3.6293,108.8191,-0.2248,-83.0,95.732,2.9205,102.9504,0.3418,-83.0,97.5187,2.7523,103.3573,2.8904,-83.0,108.2938,4.3245,117.0311,-0.4959,-83.0,105.2317,3.4927,112.1169,-0.7752,-83.0,24.9277,0.503,24.929,0.4748,0.0014,49.8567,1.2961,1.4025,0.0469,1.1954,1.3381,0.0545,31.0182,5.0343,102.1842,108.2074,4.3882,2.433,2.5764,WATCH
104.8123,3.4652,112.535,0.8331,-83.0,102.0693,4.0492,111.869,-0.2283,-83.0,94.9039,2.9852,102.6253,0.4159,-83.0,98.1449,2.32,103.3243,-0.1407,-83.0,108.487,3.6594,115.7181,0.4112,-83.0,105.1149,3.8488,112.8904,-0.2309,-83.0,24.9383,0.5104,24.9764,0.5711,0.0381,49.9147,1.291,1.4202,0.0453,1.2007,1.2946,0.054,31.2218,5.1821,102.198,108.4253,4.5462,2.4333,2.5816,WATCH
105.1583,3.4777,112.535,-0.0476,-83.0,102.7801,4.3092,111.869,-0.5677,-83.0,94.4182,2.6029,99.5719,-0.1711,-83.0,97.7187,2.5407,102.8971,0.6211,-83.0,107.8869,3.7311,118.9444,0.5898,-83.0,105.2745,4.2848,112.8904,-0.3535,-83.0,24.9996,0.4883,25.1018,0.6228,0.1023,50.1014,1.2912,1.4202,0.052,1.21,1.2946,0.0461,31.2242,5.3296,102.1447,107.8224,4.6666,2.432,2.5672,WATCH
105.6249,3.5678,112.4459,-0.6192,-83.0,103.1512,3.6984,109.6651,0.0447,-83.0,95.9074,2.8122,101.6981,-0.7655,-83.0,97.289,2.6385,102.3693,0.2963,-83.0,107.107,4.2355,118.9444,0.1309,-83.0,104.9737,3.8586,111.1895,-0.5172,-83.0,25.0041,0.4661,25.1135,0.5866,0.1094,50.1176,1.293,1.3971,0.0553,1.2019,1.2918,0.0491,31.0429,5.181,102.2825,107.0232,4.2273,2.4353,2.5482,WATCH
105.1514,3.6003,112.1561,0.3903,-83.0,102.2628,3.8335,109.6651,-0.3037,-83.0,96.7083,2.5193,101.6981,-0.9438,-83.0,98.0874,3.0076,107.4546,0.5741,-83.0,107.3815,3.7473,115.9651,-0.5131,-83.0,106.3612,3.4394,115.3433,0.4569,-83.0,24.9702,0.5042,25.0073,0.5327,0.0371,49.9774,1.2876,1.4625,0.0606,1.1874,1.296,0.059,31.0928,5.0312,102.6032,107.3161,4.046,2.4429,2.5551,WATCH
105.4295,3.9574,115.7808,0.4079,-83.0,101.6851,4.0456,108.7864,0.5558,-83.0,96.3782,2.0778,100.5616,-0.8747,-83.0,98.1965,3.078,107.4546,0.0802,-83.0,108.0842,3.5238,118.289,0.5311,-83.0,106.8728,3.5422,115.3433,-0.4476,-83.0,24.9764,0.4789,24.99,0.4022,0.0136,49.9663,1.2812,1.4625,0.0597,1.1899,1.3459,0.068,31.1374,5.0312,102.7175,108.0267,4.3687,2.4457,2.5721,WATCH
106.0025,3.9528,115.7808,-0.5377,-83.0,102.2549,4.5233,112.531,0.5812,-83.0,96.2768,2.7437,104.5481,0.5346,-83.0,97.8776,3.0931,104.5202,-0.7031,-83.0,108.4649,3.9149,118.289,0.2773,-83.0,105.6488,3.5,111.8915,-0.7663,-83.0,25.0341,0.4771,25.079,0.426,0.0449,50.1131,1.2777,1.3861,0.0541,1.2028,1.3459,0.0618,31.1543,4.0058,102.6891,108.3942,4.4158,2.445,2.5808,WATCH
106.1756,3.6604,111.652,-0.6986,-83.0,102.758,4.1812,112.531,-0.4801,-83.0,96.1631,3.4289,104.5481,-0.3208,-83.0,98.1829,3.1117,104.5259,-0.4793,-83.0,109.1121,4.0572,117.9938,-0.1655,-83.0,105.6943,4.1553,117.4772,0.1709,-83.0,25.1511,0.4773,25.0489,0.4712,0.1022,50.2,1.2985,1.5861,0.068,1.1856,1.3272,0.07,31.0353,3.7527,102.945,109.0367,4.5517,2.4511,2.5961,WATCH
105.5649,3.5749,111.726,-0.8229,-83.0,103.0321,3.8897,111.0382,-0.9891,-83.0,96.0058,3.2858,103.4231,-0.3854,-83.0,98.2285,2.6598,104.5259,0.2179,-83.0,109.2267,3.8296,117.9938,-0.6043,-83.0,106.3407,4.2147,117.4772,0.0998,-83.0,25.1155,0.5304,25.0392,0.5096,0.0764,50.1547,1.313,1.5861,0.0712,1.1837,1.3272,0.0698,30.9394,4.9189,103.0036,109.1595,4.6124,2.4525,2.599,WATCH
104.0245,3.5472,111.726,-0.0266,-83.0,102.663,3.8639,111.0382,-0.4979,-83.0,96.3755,3.2152,103.4231,-0.7021,-83.0,98.1301,2.3695,103.2276,-0.0541,-83.0,108.7355,3.8937,115.7845,-0.7922,-83.0,106.6467,3.637,114.861,-0.3649,-83.0,25.0593,0.4931,24.9954,0.4838,0.0639,50.0547,1.2908,1.4349,0.0642,1.1935,1.3352,0.067,31.0694,4.4392,102.7047,108.6658,4.3612,2.4453,2.5873,WATCH
104.6647,3.5393,111.3898,0.4638,-83.0,101.8086,3.9118,111.908,1.0492,-83.0,96.0659,3.0375,101.9694,-0.7238,-83.0,98.6728,2.5222,105.4996,0.1575,-83.0,108.078,3.9465,117.036,-0.4963,-83.0,106.6789,3.8063,114.861,-0.6203,-83.0,25.0278,0.3801,24.9528,0.4732,0.075,49.9805,1.2827,1.4349,0.055,1.1965,1.3352,0.0695,31.0588,4.7136,102.6023,108.0059,4.2639,2.4429,2.5716,WATCH
105.8168,3.3262,112.8172,-0.9694,-83.0,102.0578,4.6135,111.908,0.3972,-83.0,95.567,2.5856,101.7086,0.3217,-83.0,98.5764,3.1736,105.4996,0.5862,-83.0,107.6614,3.3803,117.036,0.4114,-83.0,106.3972,4.2997,114.8563,-0.4256,-83.0,24.9935,0.4117,25.0034,0.5219,0.0099,49.9969,1.2912,1.4067,0.0578,1.2036,1.3628,0.0591,30.9197,4.7136,102.6156,107.6083,4.394,2.4432,2.5621,WATCH
105.7553,3.6639,113.6401,-0.9444,-83.0,102.5114,4.0389,110.8204,0.5702,-83.0,96.3284,3.1987,105.8232,0.5644,-83.0,97.6496,2.9551,103.3706,0.2583,-83.0,108.1247,3.2135,114.9006,-0.0475,-83.0,106.9088,4.3033,118.0926,0.3979,-83.0,24.959,0.4978,24.9863,0.4822,0.0273,49.9454,1.3076,1.4488,0.0616,1.1974,1.3628,0.0499,31.0167,4.3762,102.8171,108.0769,4.5108,2.448,2.5733,WATCH
105.6345,3.9991,113.6401,-0.392,-83.0,102.3066,3.5002,111.2573,0.26,-83.0,96.4751,3.405,105.8232,0.3425,-83.0,97.2601,2.5135,102.2515,-0.3221,-83.0,108.5383,3.8986,115.5865,-0.7213,-83.0,106.2265,4.0932,118.0926,0.0899,-83.0,24.9018,0.523,25.0522,0.4549,0.1504,49.954,1.3134,1.4488,0.0564,1.194,1.3143,0.0531,30.9451,3.3995,102.6774,108.4683,4.5274,2.4447,2.5826,WATCH
105.3629,3.5938,113.5889,0.0956,-83.0,102.5307,3.8218,111.9015,0.1511,-83.0,96.2432,2.9252,104.9557,0.2736,-83.0,97.7419,2.7247,102.7946,-0.6063,-83.0,108.4477,3.9622,115.5865,-0.4955,-83.0,105.5514,3.7891,113.0708,-0.5987,-83.0,24.9897,0.5071,25.0114,0.4546,0.0217,50.0011,1.2912,1.4283,0.0586,1.2053,1.3143,0.0591,30.8273,4.1295,102.5871,108.3753,4.3576,2.4426,2.5804,WATCH
104.329,3.7196,115.4084,0.8969,-83.0,103.0937,3.8427,111.9015,-0.0782,-83.0,95.9914,3.0061,101.9946,-0.4338,-83.0,98.4558,2.5977,103.5965,-0.4048,-83.0,108.2269,3.3799,113.9596,0.0999,-83.0,104.7412,4.1419,112.5406,-0.4293,-83.0,25.028,0.464,24.8731,0.399,0.1548,49.9011,1.2773,1.4252,0.0541,1.2084,1.3372,0.058,30.9738,4.3008,102.414,108.1741,4.0785,2.4384,2.5756,WATCH
103.5623,4.0565,115.4084,0.4271,-83.0,102.2589,4.0263,108.2448,-1.0611,-83.0,96.4648,3.2424,101.3659,-0.4877,-83.0,98.8901,2.6853,103.5965,0.9663,-83.0,108.2028,3.9349,115.8022,-0.7916,-83.0,104.7214,4.2896,113.6506,-0.4196,-83.0,24.9829,0.4924,24.9089,0.4742,0.0739,49.8918,1.2928,1.3879,0.0516,1.2036,1.3424,0.0602,31.0313,4.3009,102.2818,108.1312,3.8172,2.4353,2.5746,WATCH
104.3706,4.1607,112.3174,-0.2839,-83.0,101.5076,4.2544,108.5611,-0.5035,-83.0,96.964,3.0326,101.6942,-0.9062,-83.0,98.6965,3.0388,104.1937,0.1708,-83.0,108.0735,4.3257,116.2386,-0.8675,-83.0,106.1447,4.339,118.7253,0.4448,-83.0,24.9388,0.5011,24.9807,0.5232,0.042,49.9195,1.3015,1.4095,0.0544,1.2022,1.3424,0.0617,30.9872,4.3009,102.5525,107.9869,3.9391,2.4417,2.5711,WATCH
104.9588,3.9855,112.1649,0.7235,-83.0,101.6109,4.2853,108.5611,-0.2048,-83.0,96.2101,3.0762,103.5661,-0.394,-83.0,98.1478,3.1002,104.1937,-0.4924,-83.0,108.1356,3.7464,116.2386,-0.2036,-83.0,106.2402,4.3938,118.7253,0.3728,-83.0,24.9047,0.4973,24.9656,0.5069,0.0609,49.8704,1.3049,1.4647,0.0612,1.2047,1.3112,0.0677,30.8326,4.8814,102.4806,108.0706,4.2923,2.44,2.5731,WATCH
105.7759,4.3219,114.7328,-0.074,-83.0,101.824,3.7089,108.0409,-0.4005,-83.0,95.6157,3.1871,103.5661,0.3353,-83.0,97.6833,2.7209,102.9587,-0.3948,-83.0,107.7678,3.6684,115.8267,-0.319,-83.0,105.734,3.9409,114.41,-0.1921,-83.0,24.9956,0.4591,24.9391,0.4803,0.0564,49.9347,1.3128,1.4647,0.0546,1.2069,1.3079,0.0689,30.6352,4.8814,102.3363,107.7053,4.4597,2.4366,2.5644,WATCH
106.3922,4.6807,118.5113,-0.2675,-83.0,101.9008,3.8415,109.8714,-0.4082,-83.0,95.7478,3.0352,103.0068,0.4464,-83.0,97.3093,2.914,105.3344,0.2431,-83.0,107.9038,3.8415,117.86,-0.2688,-83.0,105.8962,4.0274,114.9897,-0.0803,-83.0,25.0449,0.3736,24.9531,0.4584,0.0918,49.9979,1.3073,1.4429,0.0635,1.2011,1.3178,0.0685,31.012,5.7672,102.4563,107.8354,4.6175,2.4394,2.5675,WATCH
147.1594,37.4532,197.8843,-1.802,-83.0,144.0969,38.7606,201.1822,-1.7177,-83.0,134.5285,34.5705,177.5015,-1.8524,-83.0,137.7636,36.8264,187.9442,-1.7511,-83.0,150.8462,38.4225,209.9303,-1.7631,-83.0,148.8091,38.6459,208.4428,-1.7312,-83.0,25.0381,0.5753,24.9116,0.4304,0.1265,49.9497,1.6188,2.2246,0.312,1.6356,2.3646,0.412,31.6948,5.0181,138.9058,145.8708,5.7759,3.3073,3.4731,WATCH
179.1489,13.6169,218.6164,0.2589,-83.0,174.9355,16.1162,204.6801,0.0871,-83.0,164.3404,10.851,192.5098,-0.1235,-83.0,169.0894,12.2665,196.9037,-0.4907,-83.0,186.4131,13.2733,213.8631,-0.4785,-83.0,184.6655,14.3685,220.5893,0.2612,-83.0,25.0419,0.6169,24.9213,0.4155,0.1205,49.9632,1.9514,2.447,0.2148,1.965,2.3646,0.1973,31.9973,4.6034,175.9156,185.9399,7.8867,4.1885,4.4271,INSPECTION
180.6696,18.146,233.2335,0.3855,-83.0,172.1204,16.4626,210.055,0.0901,-83.0,164.1207,11.44,192.5098,-0.2277,-83.0,168.876,12.7138,196.9037,-0.0937,-83.0,186.9682,12.2395,213.8631,-0.2099,-83.0,186.7465,14.6501,221.1583,0.1073,-83.0,25.0905,0.4798,24.956,0.4311,0.1345,50.0465,2.0074,2.447,0.2157,1.905,2.2628,0.2182,32.119,4.9013,175.9906,186.5672,8.752,4.1903,4.4421,INSPECTION
180.3013,17.7858,233.2335,0.4066,-83.0,173.3952,13.9295,210.055,-0.3153,-83.0,165.8662,10.9972,194.1566,0.1114,-83.0,170.5266,11.0225,195.7214,0.0253,-83.0,183.3692,12.8359,209.8944,2.3048,-83.0,184.3408,14.2679,221.1583,0.1237,-83.0,24.9791,0.4976,24.9635,0.5026,0.0155,49.9426,2.0018,2.3648,0.1873,1.8927,2.2324,0.1989,32.1256,5.1132,175.7725,183.7878,6.7597,4.1851,4.3759,INSPECTION
181.1229,13.6643,208.6009,-0.5267,-83.0,176.2729,11.9076,205.6215,0.11,-83.0,165.5675,13.5761,194.1566,0.3413,-83.0,172.4127,9.3055,192.6578,0.0671,-83.0,183.6664,15.4935,226.8745,1.4165,-83.0,183.7525,14.063,215.3579,-0.1926,-83.0,24.8875,0.4395,24.9627,0.455,0.0752,49.8501,2.0177,2.3648,0.166,1.9379,2.2803,0.1748,31.8952,4.8932,176.6456,183.2135,6.525,4.2058,4.3622,INSPECTION
185.5805,14.6553,223.7817,-0.2925,-83.0,175.0019,14.4569,205.6215,-0.1857,-83.0,167.6338,14.3099,192.9354,0.0305,-83.0,171.8293,12.7113,200.7808,0.1174,-83.0,185.3027,13.8435,226.8745,0.7453,-83.0,181.3117,13.7126,213.6456,-0.4485,-83.0,24.9784,0.4522,24.919,0.441,0.0594,49.8974,2.0283,2.6768,0.1812,1.9143,2.2803,0.172,31.8376,4.1809,177.227,185.0009,6.7924,4.2197,4.4048,INSPECTION
182.3263,15.3113,223.7817,-0.3492,-83.0,173.78,13.8937,201.5063,-0.5895,-83.0,166.5766,11.6723,192.9354,-0.1621,-83.0,171.3304,13.7239,200.7808,-0.2824,-83.0,183.8404,10.7609,203.6985,-0.9545,-83.0,183.1635,13.8862,213.9394,-0.5482,-83.0,24.897,0.4786,24.8567,0.4954,0.0403,49.7536,2.0169,2.6768,0.2333,1.9307,2.3283,0.1797,32.037,4.041,176.3358,183.5252,6.6323,4.1985,4.3696,INSPECTION
178.307,14.3462,206.1817,-0.4199,-83.0,173.0835,12.2874,201.5063,-0.2308,-83.0,163.184,10.0077,188.7469,0.317,-83.0,171.0187,11.9965,190.7661,-0.5642,-83.0,183.494,12.3145,217.9848,0.1163,-83.0,185.7708,13.7444,213.9394,-0.7084,-83.0,24.8602,0.4941,24.8887,0.4495,0.0286,49.7489,2.007,2.5445,0.2327,1.9475,2.3283,0.2037,32.0306,4.7593,175.3653,185.2616,7.6281,4.1754,4.411,INSPECTION
182.402,13.9282,206.1817,0.1198,-83.0,175.1308,15.0148,206.1016,-0.1429,-83.0,164.1581,10.4408,188.7469,-0.2181,-83.0,170.8495,11.2897,197.3534,-0.3004,-83.0,186.0014,13.7789,228.0199,0.9185,-83.0,181.7794,13.0074,209.6585,-0.7053,-83.0,25.017,0.496,24.8951,0.4858,0.1219,49.9122,2.0361,2.5266,0.2177,1.8985,2.2975,0.1879,31.9893,4.7593,176.2435,185.4903,7.4545,4.1963,4.4164,INSPECTION
183.1936,12.9633,211.6667,-0.5446,-83.0,174.6421,16.545,206.1016,-0.5368,-83.0,164.7161,11.9176,195.0729,-0.2543,-83.0,170.6188,10.6608,197.3534,0.149,-83.0,187.9621,14.6182,228.0199,0.4191,-83.0,178.8908,14.6999,211.0664,-0.1869,-83.0,25.0277,0.4519,24.9063,0.5036,0.1213,49.934,2.0258,2.5266,0.201,1.8545,2.18,0.1677,32.0444,3.7913,176.1399,187.3928,7.6894,4.1938,4.4617,INSPECTION
181.9932,13.43,216.5166,0.3492,-83.0,171.8391,15.8293,223.4376,0.8794,-83.0,166.1048,11.8568,199.8877,0.6144,-83.0,171.13,12.8429,200.784,2.7674,-83.0,187.166,16.8962,225.3227,-0.6182,-83.0,176.571,16.5498,211.0664,-0.4444,-83.0,24.9026,0.4194,24.9919,0.5213,0.0893,49.8945,2.004,2.3261,0.1802,1.8649,2.2107,0.1685,32.0302,3.7913,175.1883,186.4018,6.9948,4.1711,4.4381,INSPECTION
179.7796,12.8392,216.5166,0.8527,-83.0,174.0777,14.4071,223.4376,1.2957,-83.0,166.5294,12.1049,199.8877,0.886,-83.0,171.4552,13.3146,200.784,2.1983,-83.0,184.0143,16.9265,226.5242,-0.4168,-83.0,177.7212,16.3423,217.8067,-0.4141,-83.0,24.8565,0.4708,24.8965,0.5239,0.04,49.753,2.0139,2.5148,0.2009,1.9112,2.3324,0.1749,31.9925,4.1457,175.005,183.2341,5.606,4.1668,4.3627,INSPECTION
176.064,12.2494,198.0497,-0.7893,-83.0,174.4499,13.4113,200.397,-0.4438,-83.0,167.0602,12.633,190.9978,-0.4195,-83.0,170.1118,9.17,193.129,0.4112,-83.0,182.6892,17.1564,227.9927,0.2309,-83.0,180.775,15.5343,227.2914,0.5382,-83.0,24.8832,0.5793,24.9444,0.5353,0.0612,49.8275,1.9887,2.5148,0.1957,1.9161,2.4275,0.198,32.0628,4.6229,174.6676,181.8818,5.3472,4.1588,4.3305,INSPECTION
177.586,13.4303,210.9163,-0.3025,-83.0,172.9017,13.9648,191.7771,-0.0733,-83.0,168.006,12.2659,200.3283,-0.7237,-83.0,171.6991,10.633,201.0009,0.3537,-83.0,185.2567,16.9452,227.9927,-0.3413,-83.0,179.7785,16.3719,227.2914,0.7159,-83.0,24.906,0.558,24.9949,0.5197,0.089,49.9009,1.9852,2.3604,0.1976,1.9226,2.4275,0.2069,32.0233,4.3264,175.3088,184.4801,5.5607,4.174,4.3924,INSPECTION
181.0295,13.2789,210.9163,-0.5203,-83.0,175.0591,14.8569,202.2531,-0.0945,-83.0,168.092,12.6082,200.3283,0.4812,-83.0,171.2133,11.7364,201.0009,0.1345,-83.0,185.1614,14.3427,211.6169,-0.2204,-83.0,180.4088,16.6622,218.6163,-0.2491,-83.0,24.9801,0.5369,24.9384,0.4876,0.0417,49.9184,2.0104,2.4944,0.2155,1.939,2.3103,0.206,31.9979,3.9083,176.2735,184.6051,5.8753,4.197,4.3954,INSPECTION
181.945,12.9581,204.2214,0.1292,-83.0,178.6314,15.6726,214.3561,-0.2177,-83.0,165.932,11.6827,191.4993,0.3535,-83.0,169.0295,8.8963,187.6632,0.1603,-83.0,184.0216,15.0649,222.26,-0.1465,-83.0,181.7022,14.3711,213.0884,-0.3141,-83.0,25.0412,0.5237,24.9406,0.551,0.1006,49.9818,2.0311,2.4944,0.2078,1.9486,2.4698,0.2012,31.9228,4.5257,176.3796,183.4039,6.7808,4.1995,4.3668,INSPECTION
182.0138,14.1939,212.9572,-0.005,-83.0,176.9491,17.3257,214.3561,0.4601,-83.0,165.4111,11.1006,190.5387,-0.5247,-83.0,170.1295,9.4339,192.9714,0.09,-83.0,184.9089,15.6143,222.26,-0.397,-83.0,182.4496,13.2354,212.9136,2.0954,-83.0,25.002,0.5038,25.0408,0.5603,0.0388,50.0428,2.0136,2.3877,0.2107,1.9889,2.4831,0.199,32.0063,4.8332,176.4469,184.2484,6.9528,4.2011,4.3869,INSPECTION
183.5819,14.582,212.9572,-0.4185,-83.0,175.1969,16.2924,218.0973,0.9591,-83.0,166.7366,12.5277,190.5387,-0.4226,-83.0,170.7086,11.8471,194.9528,-0.6017,-83.0,183.4965,17.7785,218.4566,-1.0503,-83.0,183.091,13.2938,212.9136,1.9998,-83.0,24.8556,0.4584,25.1499,0.5823,0.2943,50.0055,2.0164,2.4957,0.2066,1.9544,2.4831,0.1749,32.162,4.5032,176.5405,183.0019,6.6416,4.2033,4.3572,INSPECTION
184.3731,17.0576,220.5248,0.9115,-83.0,175.5317,13.6654,218.0973,1.0191,-83.0,166.5004,12.9145,189.1934,-0.5212,-83.0,168.8654,11.4125,194.9528,-0.6216,-83.0,184.3237,16.5889,218.4566,-0.901,-83.0,183.5882,13.1365,213.7081,-0.2972,-83.0,24.853,0.4245,25.0865,0.5655,0.2335,49.9395,2.0103,2.4957,0.2038,1.8945,2.401,0.1748,31.8849,5.7112,176.6255,183.5823,7.3119,4.2054,4.371,INSPECTION
183.3196,16.9385,220.5248,0.7235,-83.0,174.0706,14.6977,204.9572,-0.1653,-83.0,167.3523,12.784,194.769,-0.4396,-83.0,170.1702,10.6817,196.685,-0.1946,-83.0,185.6502,13.1888,212.8195,-0.5315,-83.0,185.8512,13.2035,214.681,-0.0062,-83.0,24.9666,0.4529,24.9215,0.4646,0.045,49.8881,1.9925,2.5491,0.2221,1.9238,2.5305,0.2187,31.9302,5.7112,177.2075,185.3816,7.464,4.2192,4.4138,INSPECTION
183.1347,13.1033,210.4598,-0.7865,-83.0,174.5702,16.3346,204.1573,-0.0947,-83.0,167.5754,13.3247,201.792,0.1704,-83.0,174.1945,11.9454,199.2319,-0.0082,-83.0,181.4851,14.5537,212.8195,-0.5908,-83.0,185.663,13.5682,214.681,0.2834,-83.0,25.0015,0.5977,25.0332,0.4653,0.0317,50.0347,1.9984,2.5491,0.231,1.9148,2.5305,0.2101,32.0814,4.6881,177.2277,185.1666,6.2363,4.2197,4.4087,INSPECTION
177.7926,14.64,207.2866,-0.3328,-83.0,177.1569,14.9636,204.1573,0.161,-83.0,166.5917,13.363,201.792,1.0766,-83.0,170.9329,13.8522,199.2319,-0.4592,-83.0,180.9511,13.0573,212.9627,0.0248,-83.0,185.0301,13.9333,214.5685,0.0523,-83.0,25.0295,0.6243,25.1075,0.4896,0.078,50.137,2.0483,2.5454,0.226,1.8872,2.2691,0.2058,31.8987,4.6881,175.8537,184.5048,6.1176,4.187,4.393,INSPECTION
177.675,16.2411,207.3947,-0.625,-83.0,176.7563,14.6468,205.9145,-0.1978,-83.0,166.8303,12.1917,195.8882,1.3928,-83.0,170.1188,13.9972,198.8056,-0.6286,-83.0,182.0597,12.1775,212.9627,0.3732,-83.0,187.5236,14.936,221.9645,0.0543,-83.0,24.9983,0.4904,24.9574,0.4915,0.041,49.9557,2.049,2.5454,0.2259,1.8985,2.4014,0.2283,31.7678,3.7914,176.2643,186.9278,6.9041,4.1968,4.4507,INSPECTION
180.6656,15.8867,210.1499,-0.7583,-83.0,174.0704,14.9047,207.2794,-0.0594,-83.0,166.5886,12.9323,195.8882,-0.0823,-83.0,174.3961,12.0492,198.8056,-0.6166,-83.0,182.8521,15.1682,208.646,-1.0251,-83.0,183.6984,18.7555,221.9645,-0.0469,-83.0,24.9254,0.5068,25.0397,0.4641,0.1143,49.9651,1.9993,2.4847,0.1964,1.9352,2.4014,0.2136,32.069,4.3448,176.4037,182.7384,5.8856,4.2001,4.3509,INSPECTION
178.8099,16.3354,219.0301,-0.5152,-83.0,174.1186,14.3542,207.7442,-0.1834,-83.0,166.7233,15.7256,203.0111,-0.3513,-83.0,172.7657,10.4017,193.5459,-0.3454,-83.0,187.4612,14.9419,216.0859,-0.7958,-83.0,181.8258,17.3768,213.5722,-0.1216,-83.0,24.9732,0.5272,25.0173,0.4666,0.044,49.9905,2.0101,2.4018,0.1529,1.9842,2.4829,0.2321,32.1005,4.8535,176.3131,186.8648,6.6552,4.1979,4.4492,INSPECTION
180.1639,15.6059,219.0301,-0.1991,-83.0,177.2776,15.0343,214.2336,0.0792,-83.0,167.0046,15.3582,203.0111,-0.1863,-83.0,167.6371,11.8226,188.8204,-0.6544,-83.0,187.1764,13.3526,227.7719,0.9191,-83.0,182.1157,14.4546,213.5722,-0.5411,-83.0,24.9825,0.4769,24.9488,0.5237,0.0337,49.9314,2.0232,2.3667,0.1599,1.9685,2.4829,0.2465,31.6255,4.3783,176.3138,186.6995,7.3982,4.1979,4.4452,INSPECTION
181.7662,13.0499,216.0135,-0.0065,-83.0,175.6182,14.9832,214.2336,-0.3291,-83.0,163.7681,14.9488,194.655,-0.3807,-83.0,168.9093,13.1713,195.2737,-0.5786,-83.0,189.8276,16.4445,231.9519,0.5872,-83.0,180.9455,15.1109,211.2716,-0.7955,-83.0,24.9555,0.461,25.039,0.5198,0.0835,49.9945,2.053,2.5049,0.1853,1.9017,2.2816,0.1957,31.7842,3.9772,176.197,189.114,8.6033,4.1952,4.5027,INSPECTION
180.9821,13.3682,206.8802,-0.2563,-83.0,174.5871,14.049,202.379,-0.7607,-83.0,162.5629,13.997,194.655,-0.1272,-83.0,172.844,11.9333,203.2262,0.0522,-83.0,190.361,15.4096,231.9519,0.5389,-83.0,181.675,13.1557,211.2716,-0.1906,-83.0,25.0132,0.608,25.0675,0.5228,0.0544,50.0807,2.0224,2.5049,0.1875,1.9154,2.2816,0.1856,32.0254,3.8061,176.639,189.7362,8.6332,4.2057,4.5175,INSPECTION
181.1048,15.7429,223.1987,0.4708,-83.0,177.7313,13.0978,204.735,-0.0242,-83.0,165.0551,11.2545,191.4185,0.1381,-83.0,172.0305,10.5701,203.2262,0.6676,-83.0,185.1904,12.7227,212.0698,-0.4061,-83.0,180.465,13.3326,214.4856,0.2688,-83.0,25.0572,0.6418,25.069,0.5232,0.0117,50.1262,1.984,2.5041,0.1958,1.9129,2.2775,0.1978,32.0608,4.1409,176.4614,184.7528,6.57,4.2015,4.3989,INSPECTION
181.7369,14.8279,223.1987,1.1968,-83.0,177.423,11.4971,204.735,-0.2299,-83.0,166.1989,11.5213,192.3524,-0.4072,-83.0,169.8023,11.4708,191.27,-0.4355,-83.0,186.4099,15.1057,219.7062,-0.5927,-83.0,181.4435,16.5174,214.4856,-0.3872,-83.0,25.0292,0.4578,25.0901,0.4097,0.0608,50.1193,2.0089,2.5041,0.1977,1.9209,2.483,0.2172,32.2042,3.7931,176.6469,185.7969,6.9561,4.2059,4.4237,INSPECTION
179.0525,13.2857,213.8792,2.1076,-83.0,175.7761,12.4879,201.9375,-0.4511,-83.0,167.1348,12.0975,193.6758,-0.8454,-83.0,169.3018,12.022,191.3505,-0.496,-83.0,188.3291,15.1172,219.7062,-0.492,-83.0,182.2213,15.7774,213.5227,-0.5665,-83.0,25.0141,0.4405,24.9523,0.5116,0.0618,49.9664,2.0205,2.3848,0.1917,1.9265,2.483,0.2184,32.1846,3.8501,176.4533,187.7214,7.2012,4.2013,4.4696,INSPECTION
177.6521,13.675,210.2189,1.3501,-83.0,175.1564,13.3646,201.9375,-0.6672,-83.0,166.0366,13.3458,210.0905,0.9681,-83.0,168.8816,12.9457,191.3785,0.7436,-83.0,185.9579,13.0249,210.5726,-0.6064,-83.0,179.7453,14.3272,211.3024,-0.334,-83.0,25.0489,0.5225,24.9049,0.5764,0.1441,49.9538,2.0297,2.4319,0.1955,1.8781,2.3367,0.2095,32.3224,4.2361,175.0549,185.5012,6.6626,4.168,4.4167,INSPECTION
178.4483,15.4513,229.424,1.4388,-83.0,177.4375,12.599,203.1613,-0.5805,-83.0,164.4245,12.7014,210.0905,1.9749,-83.0,167.5058,13.6666,195.3195,0.2176,-83.0,185.5831,13.8129,219.9096,-0.1992,-83.0,182.0518,14.7297,209.7027,-0.1658,-83.0,25.0374,0.4787,25.0058,0.5483,0.0316,50.0432,2.0584,2.4319,0.2056,1.8647,2.3071,0.1941,32.1855,4.5166,175.3619,185.0684,7.5415,4.1753,4.4064,INSPECTION
180.3047,16.2208,229.424,0.6946,-83.0,175.0972,12.3316,203.1613,-0.307,-83.0,164.8814,12.0026,187.8388,-0.229,-83.0,168.7533,12.9949,197.2125,-0.5097,-83.0,186.4353,15.6536,224.4551,0.2838,-83.0,186.5149,15.2462,216.255,0.4485,-83.0,25.0982,0.4091,24.9781,0.4835,0.1201,50.0763,2.0287,2.4119,0.2061,1.9023,2.3071,0.1768,31.8223,4.6852,176.4333,185.8908,8.1692,4.2008,4.426,INSPECTION
181.295,15.2058,210.0763,0.0434,-83.0,173.0301,14.6788,211.146,0.5225,-83.0,163.7068,12.4959,191.4627,-0.4501,-83.0,169.3252,12.9173,197.2125,-0.1078,-83.0,186.1991,16.0013,224.4551,0.108,-83.0,183.3073,15.8544,216.255,-0.0997,-83.0,25.0342,0.4826,24.9379,0.438,0.0963,49.972,2.0419,2.5376,0.2104,1.8864,2.2615,0.1931,31.8786,4.6852,175.5424,185.5103,7.9801,4.1796,4.4169,INSPECTION
182.6862,13.6824,207.0073,0.3914,-83.0,175.6267,17.2068,211.146,0.4473,-83.0,161.738,11.6427,191.4627,-0.0983,-83.0,170.0034,12.4578,194.304,-0.2089,-83.0,185.3369,14.4247,224.2888,-0.1343,-83.0,181.8527,14.047,208.7154,-0.5959,-83.0,24.949,0.5386,24.9885,0.4991,0.0395,49.9375,2.0716,2.5376,0.2511,1.8471,2.2394,0.1974,31.7978,3.5539,175.6506,184.7747,8.1776,4.1822,4.3994,INSPECTION
181.3432,11.7293,200.9687,-0.7501,-83.0,175.8309,16.0863,215.7555,1.0808,-83.0,162.8428,12.8904,184.3269,-0.3207,-83.0,172.0837,12.8424,193.5761,-0.7462,-83.0,187.5212,14.1161,231.1353,0.5148,-83.0,182.1743,12.9953,208.1318,-0.6153,-83.0,24.9134,0.4843,25.0168,0.578,0.1034,49.9303,2.0218,2.4949,0.2263,1.941,2.3155,0.1861,31.7496,4.3204,176.4486,186.9891,7.9975,4.2012,4.4521,INSPECTION
178.0195,11.1168,201.7335,-0.4044,-83.0,177.5115,14.1054,215.7555,0.6048,-83.0,163.5435,12.2791,184.3269,-0.0133,-83.0,171.4744,12.2532,193.5761,-0.7365,-83.0,186.862,14.2786,231.1353,0.9682,-83.0,181.9986,13.2538,206.3543,-0.5732,-83.0,24.9076,0.3855,25.0485,0.533,0.1409,49.9562,1.9722,2.3623,0.1802,1.9992,2.4295,0.1707,31.9303,5.1865,176.0952,186.3156,7.4386,4.1927,4.4361,INSPECTION
173.6586,10.6249,201.7335,0.0252,-83.0,177.0518,12.8584,201.021,-0.3311,-83.0,164.8304,10.9165,184.9246,-0.1251,-83.0,169.0614,11.0667,189.2831,-0.9307,-83.0,184.0649,14.7343,212.5493,-0.3409,-83.0,179.3853,15.72,210.5805,0.6522,-83.0,24.9856,0.4107,25.0386,0.4777,0.053,50.0242,1.976,2.393,0.1877,1.9474,2.4295,0.1946,32.0584,5.0152,174.209,183.4742,6.2931,4.1478,4.3684,INSPECTION
