timestamp,condition,anomaly_score,persistence,sg1,sg2,sg3,sg4,sg5,sg6,lc1,lc2,imu1,imu2,temp,disp_virtual
2026-09-23T15:52:41.111941,NORMAL,3.0991,1.0,38.53450130868076,43.50433273203062,37.54488005753044,38.24720356007266,44.91059501862701,45.553896083959785,25.612288825564168,24.95332344509902,0.3427040582356717,0.4287013169550193,30.661671001811747,1.452
2026-09-23T15:52:41.606129,NORMAL,5.5216,1.0,41.491245958054925,40.98731981938929,36.593050410144606,35.8647664454095,48.33908181084648,45.93351289227801,24.39448091465528,25.05767336350144,0.4294002248131989,0.4048558803660491,29.35655007294818,1.455
2026-09-23T15:52:42.109790,NORMAL,3.7121,1.0,43.97083768290979,45.64644001647963,36.56128621827148,37.89098352826441,40.81246355560072,43.8082661164985,24.588466644237993,25.312874909632896,0.4399849214504665,0.31079002140690193,28.681983130875032,1.453
2026-09-23T15:52:42.609052,NORMAL,4.2045,1.0,44.11576489657026,40.80267852781085,34.54649745726856,37.956022601653004,42.480463228338266,46.523302081647486,25.5140107312276,24.40914056514301,0.3136468828361687,0.3730476847868836,28.727677957353023,1.445
2026-09-23T15:52:43.111944,NORMAL,4.7664,1.0,41.05815852176397,43.27787190701057,32.13963266119588,41.430257598801205,45.12430483642335,40.82633959658952,24.403432278995467,24.512260438662068,0.37858917195108077,0.42820275239348143,30.80223498418464,1.435
2026-09-23T15:52:43.613814,NORMAL,6.1801,1.0,47.05414561948903,44.88912574125374,37.85405140759761,34.79604903078475,43.756619251875115,46.57489095038153,25.46363253073972,24.283821982796994,0.39698053138830575,0.5068143107860695,29.34972927713796,1.477
2026-09-23T15:52:44.118591,NORMAL,3.7894,1.0,37.961741955117844,42.70561927972645,37.25151672952755,36.4048221617672,42.08314819150299,41.25752886278523,25.1729107231746,24.441591012519574,0.44928007489970895,0.38295744082394745,29.463151994912952,1.411
2026-09-23T15:52:44.620415,NORMAL,6.6248,1.0,40.63257585064,44.344567136900636,29.645111728563645,41.370132605927836,44.347300515265,42.05295941960971,25.125832762465116,24.35600203924014,0.37320311151418906,0.4452637128574262,31.080076769145073,1.429
2026-09-23T15:52:45.121268,NORMAL,3.8858,1.0,40.47301731714279,43.684901456192534,39.21462035316058,38.38668739468937,46.91788232522252,46.80495101208339,24.519614387172577,25.136001974826666,0.4828357335389938,0.4341339862573621,30.605773332822764,1.479
2026-09-23T15:52:45.622928,NORMAL,5.3211,1.0,41.150024158502404,40.408498511382554,36.38010209197177,34.38664762139036,43.239394100198965,47.248434962106884,24.663420601531985,25.168694764158808,0.4429674572129998,0.32705939300602127,30.143212542611835,1.431
2026-09-23T15:52:46.127487,NORMAL,4.2276,1.0,45.41002068253269,40.40197193438588,44.11837295174583,37.3960035552662,45.39653754564529,43.55010443555047,25.21963269306306,25.067080033937195,0.32680663237884994,0.3046638134190225,30.18616763429951,1.482
2026-09-23T15:52:46.628523,NORMAL,8.7441,1.0,46.46260028204421,34.450968522394234,39.342230097350246,32.77942792882636,40.45213411035708,48.168811509326595,24.432168727844278,24.247649172055784,0.36059757676539017,0.40160155541995535,29.940423714830523,1.426
2026-09-23T15:52:47.132232,NORMAL,3.5635,1.0,43.78936829104313,44.48463711947674,37.44113668826464,36.72517701328266,44.12730587063565,45.73263314337449,25.407432851675075,25.814210267071203,0.40123640488893253,0.38031565427883807,30.454425338652392,1.467
2026-09-23T15:52:47.634163,NORMAL,4.6325,1.0,41.07627184968027,45.624605618199574,40.12117014537016,42.76657209238919,42.09544183047672,41.60606608800106,25.053016195435514,23.875249518265157,0.42963983885283336,0.4772765314339335,28.727739444835034,1.471
2026-09-23T15:52:48.133728,NORMAL,5.2839,1.0,40.316873525836776,43.7528179305243,38.56024146620948,41.71497908753411,49.36141292044092,40.64019014877864,25.06648656940849,25.392925869018082,0.3067005406369735,0.4234344538535985,31.218413089399103,1.475
2026-09-23T15:52:48.636166,NORMAL,9.87,1.0,36.283437203044414,40.89125639842222,27.6649205710264,34.814762002133264,44.81366701568953,43.47367331464132,25.425717832348692,24.975277069477947,0.39147631603329136,0.3897220955186862,32.17251918963386,1.374
2026-09-23T15:52:49.137872,NORMAL,4.6413,1.0,37.54393390284824,41.930394931773776,44.9748298713384,39.291725132278295,41.96143498309876,42.30722070515259,24.923466168183083,25.48970631379805,0.4109633294257959,0.36147763666961114,31.3732853197275,1.451
2026-09-23T15:52:49.643197,NORMAL,5.3255,1.0,46.49179743036295,37.98770501319758,39.64161819641616,35.16676929139819,46.71346450191182,42.08595707959714,24.62426353922806,24.88453084963807,0.3754785902227708,0.4294626302470328,30.42739830540489,1.451
2026-09-23T15:52:50.141100,NORMAL,7.6366,1.0,50.557002658432936,44.965713757065515,38.59063435214894,41.72640570067987,48.28575453499484,42.66879578898311,25.258951586881764,24.939462265633978,0.3915995430884228,0.4764239589787884,30.95764198207233,1.523
2026-09-23T15:52:50.645109,NORMAL,5.2086,1.0,37.21306469325605,46.95875361502769,37.146854449818285,38.72853861054211,46.35312048666106,39.95862502509242,25.256561474387443,25.880734154999335,0.3515579767174828,0.41729723190974627,31.441843541360424,1.444
2026-09-23T15:52:51.150036,NORMAL,1.9364,0.9,41.13047541331971,43.46425262670231,37.7278999318924,37.68380963104655,43.9608273540581,44.20006003706711,24.732684299455812,24.562535833171847,0.4325409328717176,0.4099759104483639,30.008688273955574,1.451
2026-09-23T15:52:51.646929,NORMAL,3.6034,0.9,42.026039615673255,34.540308833740816,36.72566916348435,38.37988821030352,44.485974288077735,42.64135999178949,25.15260563823285,24.927454456939,0.3287069990054926,0.3476730379484617,30.013189143977552,1.415
2026-09-23T15:52:52.152918,NORMAL,2.0623,0.9,43.71162238563249,41.06543389121488,39.114013372067205,38.78455778007093,44.945999220791336,42.589240818588216,25.037343176130122,24.140255002176783,0.3587386362848035,0.44139519204497535,29.37332712678527,1.459
2026-09-23T15:52:52.652504,NORMAL,6.5173,0.9,41.29900732519409,43.921882987819316,37.78306939757936,32.34837973349032,43.484033775598284,37.625145375855055,24.692241961373988,25.67584725222391,0.40512157260891574,0.40663960278022965,28.96876595107271,1.406
2026-09-23T15:52:53.158424,NORMAL,3.0095,0.9,42.50146017428979,40.933566259896914,39.624424610936394,38.68732015231436,42.95440739099762,39.893370988771785,25.536344503464743,24.208474801471244,0.37074387761432925,0.37909784924482093,29.582109613644054,1.438
2026-09-23T15:52:53.666014,NORMAL,5.9654,0.9,45.27201732905407,42.28611512460518,43.86748055424624,33.87578733769618,45.382345659080976,39.585324316245114,24.818457715676676,24.58939824482005,0.4577196988205051,0.37686677275901426,29.53339266284988,1.459
2026-09-23T15:52:54.170481,NORMAL,3.8437,0.9,39.8968043034735,39.77983609461625,34.837112822399504,40.72347699410236,39.33543947992139,43.016064281872474,24.105830486610856,25.077863624882994,0.3936831498614122,0.4038349560394926,29.709055675000354,1.411
2026-09-23T15:52:54.673074,NORMAL,4.5329,0.9,42.92274888989554,35.45232352880025,34.9690560805568,41.987986000139244,42.42507033348434,41.52473313518628,24.474360546135717,24.96690580228141,0.36740430623227716,0.3938552341234692,28.486503857043505,1.417
2026-09-23T15:52:55.178661,NORMAL,6.7098,0.9,41.611155508567315,40.8318425732535,33.78786977544938,44.84771769337996,47.622247994861716,37.948408200874184,25.20672577621649,25.395006900158904,0.39995042092593835,0.45390460404043864,30.44883491177222,1.445
2026-09-23T15:52:55.682062,NORMAL,4.9052,0.9,39.146081896224686,41.80806816037243,42.49484655172365,41.30627943370292,41.148585670440724,41.63719156647331,24.43250444001787,24.507700306514952,0.37247401828692894,0.4184915316931251,29.021493149142405,1.449
2026-09-23T15:52:56.186185,WATCH,66.9304,1.0,78.99486244756011,100.47900318700133,58.910347986008695,61.56579708878799,79.07093389676501,84.58790343223316,24.886372377508355,25.254840037107105,0.9545333608595269,1.0347835449590006,32.37798283906307,2.277
2026-09-23T15:52:56.689403,WATCH,85.0965,1.0,92.64873057896276,90.17843625978,76.92494060351277,84.90970717920447,91.51339606663335,104.00062698618298,25.441521917982058,24.94064850277873,0.8184953774639769,0.8614194628753453,30.55399930330207,2.571
2026-09-23T15:52:57.191983,WATCH,77.3296,1.0,88.13820125281102,74.81954260150532,82.68050129612945,75.28717679452849,101.85510901390211,84.38702384051597,25.13964072124706,25.109999828934484,0.7912599063716325,0.9872977208715463,30.530432552999734,2.444
2026-09-23T15:52:57.694473,WATCH,71.127,1.0,85.59127798337856,78.01534305568713,72.53377592703829,77.44844094525318,94.14558754334651,81.24538827078688,23.849645988913085,24.031520739781076,0.7584336042082704,0.9360727013949841,31.67975021127354,2.374
2026-09-23T15:52:58.197690,WATCH,68.8907,1.0,80.71267140518029,70.78168333576305,76.52088853655648,78.44434722480268,90.94991291179272,83.65744702733195,24.37241563353048,24.97826163239642,0.9049443663464853,1.1150465610638487,30.769300059489133,2.344
2026-09-23T15:52:58.698677,WATCH,76.9922,1.0,98.31087151779016,69.53337723945762,66.64467512575035,87.6656134149258,87.9142941520213,85.41359542526705,25.371411754621327,25.0698292514048,0.950967434959589,0.7713294114247615,29.488041116629084,2.399
2026-09-23T15:52:59.200522,WATCH,80.6439,1.0,93.35093002380587,89.9171798146972,81.0224267118584,82.74487240384032,84.9224855285863,97.09435031737141,24.512750488343187,23.719442767827775,0.8328588733895808,0.9678688230237125,31.343790210230118,2.528
2026-09-23T15:52:59.706365,WATCH,80.8218,1.0,91.43642534376855,81.6420682482195,77.34554479975223,82.48224827373703,98.43217786919982,93.66857606556607,24.820033679237675,25.013656230007296,1.109005732196245,0.7594639716362453,30.025276539070976,2.513
2026-09-23T15:53:00.210318,WATCH,66.7058,1.0,77.4614489032743,81.1165604704749,76.96410494033505,64.76983587836567,85.21672806636167,93.14890065573977,25.547128974362113,25.155402285315756,0.8846788692903254,0.7412519527408141,30.802325178749363,2.335
2026-09-23T15:53:00.718481,WATCH,81.3414,1.0,79.52959247941644,89.42440859951311,60.657754651409505,81.90831157831391,98.25181455286572,103.6388578037525,25.0366520391086,23.92026854326184,0.7888376866433376,0.9753996400201651,29.861439555817178,2.468
2026-09-23T15:53:01.222116,WATCH,80.9307,1.0,87.65295336393851,83.97314219191671,80.60364683666333,78.01322689036832,101.45202404011985,93.51244383962593,24.88779961434107,25.532819762978665,0.9563824631186668,0.8317261567827317,33.92024155221346,2.513
2026-09-23T15:53:01.724362,WATCH,62.8745,1.0,84.0826848897674,80.30022258518075,69.02652977093834,70.05900271320625,86.04534299725215,75.63063638169928,24.818240355392973,25.06162395826067,0.6747033006688786,0.8169285250796293,31.528553480340964,2.283
2026-09-23T15:53:02.225341,WATCH,72.5429,1.0,100.50653471304103,91.7712434607337,73.8491967708913,68.42339472743609,70.64568902739427,84.74773098571423,25.10988266485342,24.86186135593012,0.9850689514846063,0.7999645483910799,29.430928558099048,2.378
2026-09-23T15:53:02.731118,WATCH,68.8625,1.0,82.39714019735251,93.30634093465396,72.74854779760268,72.50557394689044,82.19115526562808,83.67348475026682,25.957080800917616,25.00192942841774,0.8079351498386274,0.9397175858554206,30.996664905195153,2.366
2026-09-23T15:53:03.235017,WATCH,61.3161,1.0,73.35228624436989,77.65784314403648,71.95852830817947,56.62969756101363,92.7644016816674,78.69555450139208,24.7842351356935,25.851096216044972,1.0549561346692795,1.0785874750579825,32.80865471428462,2.229
2026-09-23T15:53:03.739243,WATCH,77.166,1.0,92.62163912513164,79.52797054533859,78.1797999902651,86.0240853724867,91.47040721893994,83.11079116351391,25.080786891493474,24.683827657581336,0.968365897534046,0.8134105035439878,31.681611236452873,2.459
2026-09-23T15:53:04.239543,WATCH,83.4476,1.0,92.03387252958309,88.29573032123028,84.03016107730197,88.7880591573687,85.81167748850208,97.59591022178954,24.702091545780984,25.454447550161746,0.953498325490075,0.9140671328399872,31.67365308941779,2.557
2026-09-23T15:53:04.744511,WATCH,77.8972,1.0,88.61567059750224,95.13276749191428,67.41237023558969,75.78705925784372,101.51993747311643,78.32921998982573,25.261232674064512,24.95434884994403,0.910536848690966,0.8046470029679567,28.16224226878017,2.443
2026-09-23T15:53:05.245770,WATCH,70.7787,1.0,83.11199531149892,86.3002113636199,78.11653525582838,73.4982172904858,81.66527875474011,92.92627979468965,25.68005170155463,24.841283171813462,1.0624114418908621,0.9239892436550023,29.416622878234634,2.4
2026-09-23T15:53:05.749358,WATCH,70.0565,1.0,91.13106547762936,71.33852037735362,72.09120307118816,76.09957847157577,90.1403618798334,84.51663985872568,25.993779318140803,24.488317188684672,0.8825090190016014,0.7910717537968177,29.79503814628525,2.36
2026-09-23T15:53:06.253060,INSPECTION,213.025,1.0,158.1742625713832,164.058738041987,143.73116060141177,158.44948876445358,171.7928074262408,187.7871338813002,24.44288106761584,25.325527814942554,2.0580419717428766,1.9726181453427831,31.90743215920065,4.272
2026-09-23T15:53:06.758306,INSPECTION,217.2212,1.0,165.07453193123888,157.66692986683748,155.00977770863955,157.210906520862,170.093457455016,193.71923079344847,25.386310183879576,24.842680797755158,2.159388763539879,2.0147521416811456,31.53322633501356,4.329
2026-09-23T15:53:07.264509,INSPECTION,226.8423,1.0,193.33712939285883,160.20562233593282,183.38975099558627,143.8475899774944,179.0543656001019,180.59074590199984,24.864740953922944,24.934928261388546,2.0603687117005753,2.200783926280965,33.653165161030216,4.488
2026-09-23T15:53:07.764557,INSPECTION,234.1605,1.0,180.1180465742071,191.01100377385706,168.48626525536906,162.43074964986823,182.07340855046257,189.07586562714113,24.944682996394317,24.945162483136546,2.5178377638852028,1.67711010783979,31.99089933935478,4.614
2026-09-23T15:53:08.268712,INSPECTION,248.8467,1.0,182.3382007744109,210.28995116151805,182.9619737860138,156.2829050476464,201.8004546907916,187.7151613831275,24.136514045995195,25.630106187206245,1.9454395813711098,2.420556332624026,32.842465310472804,4.799
2026-09-23T15:53:08.772681,INSPECTION,242.3558,1.0,174.24625148923016,185.7434991143892,153.73332909785955,161.32867938929405,212.69614002493591,194.80782405032846,25.539183260670768,25.39772883006036,2.099331438593577,1.5806395938181772,31.351692031618928,4.65
2026-09-23T15:53:09.283767,INSPECTION,233.3472,1.0,166.8423475642498,181.11653797636072,160.8422866377921,169.9265703266239,193.8581476084239,186.88862528433359,25.250869409918778,25.34523595258863,2.223120548796144,1.9453407073150915,32.272399716758464,4.561
2026-09-23T15:53:09.782741,INSPECTION,230.7695,1.0,158.93857336882863,188.20988690248362,160.58083606101704,165.51869579459859,199.93337608746768,170.06936216577057,25.074523765554495,24.689068269152457,1.8057103369922616,2.157784658466191,31.607033691982103,4.499
2026-09-23T15:53:10.282253,INSPECTION,235.603,1.0,200.74560521144247,141.12536300276508,170.0130855863443,143.92860053395202,184.23047139411864,211.24764244992807,24.559492605033135,24.921735496223246,2.4023831614319255,2.044448822459169,31.974279795404446,4.53
2026-09-23T15:53:10.788135,INSPECTION,229.8398,1.0,176.08016422252805,167.15584533241292,167.44270531875728,139.55326379350078,189.46785353384718,206.48670106255912,25.122702963193568,24.92836684008069,2.1914779670377422,1.7800946532808632,32.924400877928065,4.51
2026-09-23T15:53:11.295938,INSPECTION,247.5772,1.0,187.22407481486508,178.22290998952727,172.91814805988145,161.07912392483394,209.86899384173543,200.8610467293492,25.475235972521805,25.287458513533792,2.65967365449663,1.762640482664821,31.64071839963589,4.756
2026-09-23T15:53:11.798864,INSPECTION,232.2704,1.0,187.03491605194137,172.80689077742792,151.74992209081225,180.33716130497675,187.53771523026435,166.9430884604913,23.88341950548987,24.25991147508276,2.1320768083440944,2.2128924219381068,32.24499955937777,4.511
2026-09-23T15:53:12.299284,INSPECTION,240.1511,1.0,211.60960658897918,187.22250028436267,153.71842423584135,135.65886721037936,192.06545551569016,199.13891533307162,24.351415105471077,24.816953242932005,2.282292817588567,2.013032417263015,32.53816534695611,4.638
2026-09-23T15:53:12.802833,INSPECTION,220.9763,1.0,169.20405016737072,187.8663754231106,157.7180051129526,150.99915399426447,185.34718700320755,171.62756006916595,25.241212029243385,24.21036094346472,2.3397227533031666,2.184606414298098,30.88377638913833,4.421
2026-09-23T15:53:13.305645,INSPECTION,236.1104,1.0,185.4424774990659,178.53044584559996,161.37114266912994,176.7757527354097,175.20284823594804,192.45859478244824,25.232713369846113,24.260721195655016,1.9365857830247122,2.0682220159965876,31.410701419506772,4.601
2026-09-23T15:53:13.807578,INSPECTION,241.9133,1.0,173.7871607900687,199.1516225898646,170.19992336224203,160.86503020612403,203.44518632024761,186.37109707210064,24.718656285120154,24.2249459902939,1.8728572164505526,2.095629410880446,34.21148107792155,4.693
2026-09-23T15:53:14.309412,INSPECTION,238.7479,1.0,162.04588684256635,167.70985254126757,155.60468206276082,164.59447596235393,217.4477448042945,188.35638879656034,24.248512687139513,25.34676636295175,1.666715199894056,1.6528959394481992,31.49272364581128,4.547
2026-09-23T15:53:14.814373,INSPECTION,237.0707,1.0,187.15862220137967,210.19909291610503,131.91238234580334,167.8093477436526,170.82545904046242,189.34148708933816,24.846988175228923,24.783035415681727,1.9974146015966947,1.9076515376166439,31.680774486178002,4.553
2026-09-23T15:53:15.317689,INSPECTION,235.2139,1.0,180.7268917000261,175.8928875464987,174.90118535981907,153.55479736612168,178.93818272822142,205.8281215888997,26.548919876341504,25.78620161198456,2.285403451294118,2.1738229203050112,33.463636345639294,4.601
2026-09-23T15:53:15.816989,INSPECTION,221.7239,1.0,185.892250494345,196.15900044059129,165.46157338225515,149.58328832593216,157.8321887504175,165.7849332176184,24.362132299644195,25.88215619610055,1.9328742112543296,1.971999641837034,30.99005194018151,4.413
2026-09-23T15:53:16.320825,INSPECTION,494.6324,1.0,359.990851161339,320.93146874057595,206.66783054756604,330.39201270979345,339.70828242672155,359.83080685982134,28.791555431381912,28.019161828867,5.795108398089734,6.364235967039773,29.43782896876488,7.85
2026-09-23T15:53:16.826713,INSPECTION,507.1386,1.0,202.95664176870497,444.7318653430498,249.8989862013682,273.2200438254288,306.5471785202957,414.8273016428165,30.252078850524704,26.406665990675975,5.844789120073633,5.555243195292552,30.644106616021414,7.753
2026-09-23T15:53:17.331333,INSPECTION,589.4069,1.0,392.1815035891834,326.2723291407387,398.89917302077174,336.17696683340097,452.86125975352263,356.51499629187924,25.820100833592356,26.132443335727807,5.8790301971787855,5.42230125959207,30.848185710526085,9.174
2026-09-23T15:53:17.833617,INSPECTION,546.5098,1.0,347.49354322169415,376.57161506929174,294.1759457603195,277.2825229720116,423.24142042869056,417.9279806727605,27.99888078181523,30.18843253769886,5.169028110701551,4.729655324482688,28.91800247249235,8.691
2026-09-23T15:53:18.336367,INSPECTION,572.4639,1.0,311.81628154917263,385.1972182367301,280.7554895828548,332.50928024340794,460.8080471166089,404.1252876713167,31.744605713145464,29.98645244378051,5.074474543208975,5.666025996343497,29.049651216191265,8.838
2026-09-23T15:53:18.838810,INSPECTION,518.9361,1.0,302.29578725672394,347.0104897979455,330.1748918917571,289.421828464653,406.71080965031933,365.82979524535347,29.333819211809022,30.88731767079512,5.176759310498033,5.2599047812086726,30.46576515221888,8.326
2026-09-23T15:53:19.341937,NORMAL,5.9263,1.0,44.70030220475604,39.47006223204081,37.7527093881634,37.43410335412378,49.705369032976634,38.86715166743465,24.706748824208923,25.29457657797968,0.35044646019395254,0.40063205781949307,30.787280790885827,1.45
2026-09-23T15:53:19.843927,NORMAL,2.7594,1.0,39.53254362294027,39.93495779139413,39.701932333587074,38.70977465860603,43.201384437191216,46.46865545353539,25.149322232759662,24.765690412597294,0.41590900581404194,0.40720925412212355,29.430862430982856,1.449
2026-09-23T15:53:20.350673,NORMAL,3.6557,1.0,45.140265143430064,43.12210202949723,37.77347181695684,37.6973628382513,46.43534845949727,41.37916923244366,25.051844601789295,25.247332824104646,0.3978033402946076,0.41482780876318204,28.672802534781695,1.464
2026-09-23T15:53:20.851084,NORMAL,3.7443,1.0,40.74109683580817,44.330797866146156,34.03610370728238,40.000240685489615,43.48239268713675,43.022960772151826,23.878132653382085,24.828573318777867,0.4542749136527369,0.40498077170321145,28.270034806002954,1.442
2026-09-23T15:53:21.369123,NORMAL,5.6136,1.0,41.40943308159315,40.88021675990076,41.6893073347194,41.10383063952156,49.88902519304284,45.36837678562852,25.536141503922824,24.473557879369682,0.4088429347937486,0.33106183320034155,30.393745992473438,1.498
2026-09-23T15:53:21.872207,NORMAL,3.7121,1.0,44.90082760859709,39.7851410819663,41.68491809221419,40.63779393175001,44.7232307195277,42.971613129041785,24.6835092400816,25.184032198320622,0.47842166063344216,0.4184131850703518,31.083503395930144,1.476
2026-09-23T15:53:22.371667,NORMAL,5.4053,1.0,45.43527708460083,37.77120278801695,35.07303632774408,41.662840420370365,44.06266387922479,47.83960696671967,24.742399454262323,25.02739472840489,0.35047997476139253,0.40459704336570324,30.148290088387988,1.465
2026-09-23T15:53:22.873863,NORMAL,7.5722,1.0,38.28811189527829,42.19150060606924,35.897998348636335,35.679569437555486,46.28230499183858,49.53822352031384,25.160828584169384,25.861612931286885,0.36900857828249667,0.3514793672355126,32.20012501885025,1.45
2026-09-23T15:53:23.379617,NORMAL,4.2848,1.0,46.20492851403621,42.07947230713695,38.87758784089435,37.73321411834493,45.62971469559643,46.94340288137458,25.506195017494058,25.3059962022818,0.42372974146891346,0.4317775248843328,29.753936714104043,1.487
2026-09-23T15:53:23.883571,NORMAL,3.0118,1.0,44.447219847614974,38.9662481008987,34.94151288959522,39.37086202949257,44.802220027088524,40.839770957411226,25.16576789620673,24.13123458349576,0.4073962445807607,0.42511971568494955,30.52574059210406,1.433
2026-09-23T15:53:24.391391,NORMAL,5.8057,1.0,47.39752074285471,36.11948466292213,45.20295265944971,40.08841189450369,42.84000666920604,41.30515014510462,24.791347761378923,24.363039264178347,0.3581930342513875,0.4435066580295182,28.655614323030825,1.47
2026-09-23T15:53:24.893410,NORMAL,8.9567,1.0,43.69798367934152,39.53755122198959,37.71416229016239,31.09281378636821,47.73219846123439,46.52420638370143,25.9334284000426,23.916387353881788,0.4231953968690475,0.4266228568345529,31.557613579814213,1.444
2026-09-23T15:53:25.400134,NORMAL,4.6789,1.0,42.017776493842284,43.39750409384572,36.03241417911126,44.42567128757227,41.41312347160055,39.18802430931257,25.522354187727355,25.829946027566855,0.39482136513097965,0.3278691994620721,29.93494523309807,1.445
2026-09-23T15:53:25.903635,NORMAL,6.4317,1.0,36.794960451692376,45.31731775998344,42.9235490849778,44.474028379116405,46.30552952365326,41.152848683385045,24.525830219200266,25.257211837852562,0.4227657273476858,0.43785285719746203,28.541483245373286,1.485
2026-09-23T15:53:26.409741,NORMAL,4.3752,1.0,40.16642895027589,41.2241065300196,38.63787317518719,34.17467635932595,44.41717756312067,43.60909670078668,24.04641098136123,25.323448845971807,0.34293146633820504,0.38687573854448953,28.94423036031475,1.429
2026-09-23T15:53:26.909624,NORMAL,5.1314,1.0,37.94506906073783,43.26936380924208,35.031777430601274,43.649958674311776,44.48326620810161,44.78881951931263,24.688585894715537,24.59961431599769,0.4806630865920865,0.30642803581760153,28.578883343303122,1.455
2026-09-23T15:53:27.414280,NORMAL,4.5888,1.0,44.098517426366314,40.701228349035695,33.43057347345101,38.018026724593255,45.91607153179807,45.07140392579925,24.643680485730407,25.254343636107436,0.43693667228751076,0.3651739706198208,29.452924465919292,1.448
2026-09-23T15:53:27.917844,NORMAL,3.7744,1.0,39.564894689607776,38.7402026847461,39.643440557330806,36.81169899790935,44.394875826078234,44.33211977697461,25.42011389328572,24.998535589796678,0.396916329088261,0.4125489146534172,27.914119188802104,1.433
2026-09-23T15:53:28.419707,NORMAL,4.7945,1.0,43.94469133395993,39.34496949582835,35.23464288486055,35.74408309683411,44.115685572806385,43.43237137257456,24.813388803281924,24.87503557026835,0.42952136527199475,0.4497650945862035,27.723003870675473,1.427
2026-09-23T15:53:28.919489,NORMAL,4.6227,1.0,35.84005944959077,42.4908082933229,41.00985309625841,42.799609882877235,44.175638358103264,44.57760480110693,25.146570509461537,24.725704261778905,0.4181977657956374,0.4188225286233825,30.660056660493787,1.462
2026-09-23T15:53:29.422723,NORMAL,2.9972,1.0,40.2483523424898,43.452277873339895,38.13277342277734,39.947982700000004,42.33779871380352,40.29116224768074,24.76689929423586,24.33097994332724,0.4278811603813291,0.3775880253235976,30.46228380017936,1.437
2026-09-23T15:53:29.924665,NORMAL,4.5675,1.0,43.991442921910135,43.99999744330523,36.44718854196619,38.09097999171088,47.88546640631759,40.686985307787445,25.150289739130592,25.767638015562373,0.4173299172774957,0.4459124925576359,31.264759863833344,1.463
2026-09-23T15:53:30.429833,NORMAL,3.4066,1.0,40.810827993970044,38.98344155192501,41.949043504605584,36.89672165507434,42.08966897840996,45.48468352505771,24.962983697800297,24.73393776825026,0.4430681810492215,0.3366757468775138,30.78098492236174,1.444
2026-09-23T15:53:30.932202,NORMAL,4.5668,1.0,38.94841980680175,45.82884267094883,37.172945869143895,38.73070404121469,47.597667716551406,44.43630906685559,24.35286650841029,25.366279135924724,0.4035833838003675,0.48894867541243087,29.957691476261264,1.469
2026-09-23T15:53:31.434753,NORMAL,4.9868,1.0,41.4277731999076,41.12158262523096,33.60544456635221,41.6339638557345,40.9532361501195,47.131859358364565,24.380820428036458,24.784195456346318,0.4189493217849001,0.4469975630125059,28.606953738639344,1.443
2026-09-23T15:53:31.936163,NORMAL,6.1507,1.0,40.989919692193595,40.733036776546705,39.329346800092566,46.40725490745199,44.52483916427468,44.81959735260809,25.187480084504134,24.729839394266307,0.3690566717232463,0.37846483651235374,31.29810717854055,1.484
2026-09-23T15:53:32.440312,NORMAL,7.6288,1.0,39.995176370337845,43.609935138159685,39.23813483799418,34.3782148635938,49.294372771699194,47.966798053726215,24.511274548320262,24.19368547797386,0.40819551843623963,0.3322687394775389,28.889937045743864,1.476
2026-09-23T15:53:32.944173,NORMAL,5.8331,1.0,41.550815092879425,46.03562694166717,36.842778586269205,33.30226849570634,41.92598008287529,42.234645219497864,25.989477187327868,24.427047674082694,0.40077666688113284,0.4180930241813707,30.791565862718993,1.427
2026-09-23T15:53:33.445466,NORMAL,7.8481,1.0,38.746927768075075,44.271014619870535,39.85580369926754,35.41037445511422,49.873064686510965,47.84059778944706,25.234049991588407,24.253506573671803,0.37604685367342083,0.4178577457239962,28.293567257700953,1.481
2026-09-23T15:53:33.945713,NORMAL,3.5839,1.0,42.95675839590392,45.41042759542684,37.254601231925825,40.046632538712736,45.405518175871265,42.22884271451904,25.05150331567033,24.68471447651483,0.41831624589452604,0.42149758610750193,31.83834793676615,1.471
